title,description,seller_rating,seller_completed_auctions,seller_cancel_rate,title_length,desc_length,num_positive_keywords,num_negative_keywords,start_price,start_price_log,duration_minutes,extension_seconds,start_hour,day_of_week,is_weekend,auto_approve
iphone 13 bao hanh,san pham thuoc nhom dien thoai. ten san pham iphone 13. co dac diem bao hanh. co dac diem fullbox. hinh anh that. thong tin trung thuc. co the giao dich truc tiep. chat luong tot. da su dung on dinh,3.02,6,0.253,18,198,3,1,48101262,17.68882,180,120,17,3,0,0
nikon d750 day du phu kien,san pham thuoc nhom camera. ten san pham nikon d750. co dac diem bao hanh. co dac diem day du phu kien. co dac diem nguyen seal. mo ta chi tiet. ho tro kiem tra. co the giao dich truc tiep,1.37,24,0.162,26,188,3,0,23132477,16.95675,120,45,1,5,1,0
xiaomi 13,san pham thuoc nhom dien thoai. ten san pham xiaomi 13. thong tin trung thuc. mo ta chi tiet. co the giao dich truc tiep. hinh anh that,3.65,197,0.13,9,135,0,1,5404748,15.50279,240,30,3,3,0,0
sony wh-1000xm5 moi,san pham thuoc nhom tai nghe. ten san pham sony wh-1000xm5. co dac diem moi. ngoai hinh dep. mo ta chi tiet. nguon goc ro rang,2.85,69,0.445,19,126,2,0,42999656,17.5767,180,90,7,5,1,0
iphone 14 pro fullbox,san pham thuoc nhom dien thoai. ten san pham iphone 14 pro. co dac diem day du phu kien. co dac diem moi. co dac diem fullbox. luu y vo. mo ta chi tiet. chat luong tot. da su dung on dinh. ho tro kiem tra,2.84,67,0.063,21,204,4,1,37722777,17.44577,120,45,23,4,0,1
fujifilm xt30 bao hanh,san pham thuoc nhom camera. ten san pham fujifilm xt30. co dac diem bao hanh. luu y test. luu y cu. nguon goc ro rang. thong tin trung thuc,4.17,108,0.268,22,139,1,3,25871297,17.06864,90,90,14,4,0,0
canon eos moi,san pham thuoc nhom camera. ten san pham canon eos. co dac diem dep. co dac diem moi. co hoa don. da su dung on dinh,1.63,0,0.429,13,116,2,0,48346952,17.69391,60,90,5,4,0,0
sony wh-1000xm5 dep,san pham thuoc nhom tai nghe. ten san pham sony wh-1000xm5. co dac diem dep. luu y test. hinh anh that. co the giao dich truc tiep. ho tro kiem tra. da su dung on dinh. nguon goc ro rang,1.96,61,0.395,19,186,1,1,5335296,15.48986,30,120,15,6,1,0
sony a6400 dep,san pham thuoc nhom camera. ten san pham sony a6400. co dac diem dep. ngoai hinh dep. da su dung on dinh. mo ta chi tiet. co hoa don,4.02,176,0.091,14,132,1,0,20968926,16.85855,90,120,20,2,0,1
fujifilm xt30 nguyen seal,san pham thuoc nhom camera. ten san pham fujifilm xt30. co dac diem nguyen seal. thong tin trung thuc. mo ta chi tiet. hinh anh that,1.28,161,0.026,25,132,1,1,4573159,15.33571,30,45,2,4,0,0
galaxy watch tot,san pham thuoc nhom dong ho. ten san pham galaxy watch. co dac diem tot. co dac diem it dung. luu y cu. mo ta chi tiet. co the giao dich truc tiep. ngoai hinh dep. ho tro kiem tra. thong tin trung thuc,2.42,105,0.21,16,201,3,2,48977452,17.70687,30,120,20,5,1,0
casio gshock it dung,san pham thuoc nhom dong ho. ten san pham casio gshock. co dac diem like new. co dac diem it dung. co dac diem dep. da su dung on dinh. nguon goc ro rang. co hoa don,2.85,223,0.415,20,165,3,0,29788000,17.20962,240,90,3,0,0,1
canon eos like new,san pham thuoc nhom camera. ten san pham canon eos. co dac diem like new. co dac diem bao hanh. co dac diem day du phu kien. luu y cu. luu y khong ro. nguon goc ro rang. da su dung on dinh,1.01,99,0.119,18,188,3,3,30585094,17.23602,60,60,22,5,1,0
fujifilm xt30 chinh hang,san pham thuoc nhom camera. ten san pham fujifilm xt30. co dac diem chinh hang. hinh anh that. thong tin trung thuc. chat luong tot. co hoa don,4.68,135,0.071,24,143,2,1,34129793,17.34568,30,30,2,4,0,1
asus tuf like new,san pham thuoc nhom laptop. ten san pham asus tuf. co dac diem like new. luu y gap. thong tin trung thuc. ngoai hinh dep. ho tro kiem tra. nguon goc ro rang. co the giao dich truc tiep,3.68,80,0.107,17,184,2,2,26610738,17.09683,45,120,20,2,0,0
iphone 13 it dung vo,san pham thuoc nhom dien thoai. ten san pham iphone 13. co dac diem fullbox. co dac diem it dung. luu y test. luu y vo. mo ta chi tiet. ho tro kiem tra,2.14,112,0.375,20,151,2,2,47263765,17.67125,60,90,20,4,0,0
nikon d750 bao hanh,san pham thuoc nhom camera. ten san pham nikon d750. co dac diem bao hanh. co dac diem moi. co dac diem fullbox. co hoa don. thong tin trung thuc. mo ta chi tiet,3.87,52,0.309,19,161,3,1,17765659,16.69278,120,60,8,6,1,1
casio gshock,san pham thuoc nhom dong ho. ten san pham casio gshock. co hoa don. nguon goc ro rang. chat luong tot,3.21,109,0.252,12,101,1,0,7557729,15.83808,30,120,4,4,0,0
sony wh-1000xm5 nguyen seal,san pham thuoc nhom tai nghe. ten san pham sony wh-1000xm5. co dac diem nguyen seal. mo ta chi tiet. thong tin trung thuc. co the giao dich truc tiep. nguon goc ro rang,4.12,226,0.394,27,168,1,1,41701888,17.54606,180,30,7,6,1,0
asus tuf,san pham thuoc nhom laptop. ten san pham asus tuf. luu y khong bao hanh. mo ta chi tiet. co hoa don. nguon goc ro rang. da su dung on dinh. ho tro kiem tra,1.43,223,0.017,8,155,1,2,31637472,17.26985,45,30,14,2,0,0
thinkpad x1,san pham thuoc nhom laptop. ten san pham thinkpad x1. co hoa don. co the giao dich truc tiep. thong tin trung thuc. nguon goc ro rang,3.57,102,0.306,11,133,0,1,36034828,17.4,60,15,3,2,0,0
airpods pro it dung,san pham thuoc nhom tai nghe. ten san pham airpods pro. co dac diem it dung. thong tin trung thuc. ngoai hinh dep. co the giao dich truc tiep. mo ta chi tiet. co hoa don,1.76,11,0.319,19,169,2,1,163499,12.00457,120,90,21,5,1,0
dell xps 13 nguyen seal,san pham thuoc nhom laptop. ten san pham dell xps 13. co dac diem nguyen seal. luu y gap. luu y khong bao hanh. ngoai hinh dep. co hoa don. da su dung on dinh. nguon goc ro rang,2.61,75,0.249,23,177,3,3,12924170,16.37461,90,120,12,5,1,0
hp spectre moi,san pham thuoc nhom laptop. ten san pham hp spectre. co dac diem chinh hang. co dac diem moi. da su dung on dinh. ho tro kiem tra. chat luong tot,2.77,172,0.096,14,145,3,0,31804987,17.27513,240,120,5,5,1,1
nikon d750 vo,san pham thuoc nhom camera. ten san pham nikon d750. luu y vo. luu y mo ta so sai. hinh anh that. thong tin trung thuc. mo ta chi tiet,4.94,156,0.382,13,134,0,3,4937419,15.41235,90,60,20,4,0,0
seiko 5 it dung,san pham thuoc nhom dong ho. ten san pham seiko 5. co dac diem it dung. da su dung on dinh. mo ta chi tiet,1.7,245,0.313,15,106,1,0,31225415,17.25674,30,90,7,6,1,0
asus tuf nguyen seal,san pham thuoc nhom laptop. ten san pham asus tuf. co dac diem tot. co dac diem nguyen seal. luu y cu. luu y gap. nguon goc ro rang. chat luong tot. ngoai hinh dep. thong tin trung thuc. co the giao dich truc tiep,4.36,70,0.345,20,213,3,3,35033838,17.37182,90,120,7,2,0,0
sony wh-1000xm5 dep,san pham thuoc nhom tai nghe. ten san pham sony wh-1000xm5. co dac diem dep. nguon goc ro rang. mo ta chi tiet. da su dung on dinh,3.78,180,0.096,19,130,1,0,27891313,17.14383,90,45,17,3,0,1
asus tuf it dung,san pham thuoc nhom laptop. ten san pham asus tuf. co dac diem it dung. luu y hong. co hoa don. da su dung on dinh. ngoai hinh dep. thong tin trung thuc,3.99,139,0.36,16,152,2,1,14850101,16.51352,90,30,8,3,0,1
casio gshock it dung,san pham thuoc nhom dong ho. ten san pham casio gshock. co dac diem it dung. co dac diem bao hanh. luu y cu. da su dung on dinh. hinh anh that,1.34,109,0.061,20,142,2,1,31034058,17.2506,45,15,8,3,0,0
casio gshock moi,san pham thuoc nhom dong ho. ten san pham casio gshock. co dac diem moi. luu y can sua. hinh anh that. ngoai hinh dep. thong tin trung thuc. nguon goc ro rang. co the giao dich truc tiep,3.6,199,0.431,16,186,2,2,2751677,14.82772,240,15,7,1,0,0
sony a6400 fullbox,san pham thuoc nhom camera. ten san pham sony a6400. co dac diem fullbox. co hoa don. ho tro kiem tra. nguon goc ro rang. thong tin trung thuc. da su dung on dinh,4.85,183,0.052,18,162,1,1,11040137,16.21705,60,15,18,0,0,1
fujifilm xt30 fullbox gap,san pham thuoc nhom camera. ten san pham fujifilm xt30. co dac diem fullbox. luu y gap. thong tin trung thuc. hinh anh that,2.39,109,0.298,25,123,1,2,4677608,15.3583,120,120,10,0,0,0
apple watch zin,san pham thuoc nhom dong ho. ten san pham apple watch. co dac diem zin. nguon goc ro rang. ngoai hinh dep. co hoa don. chat luong tot. da su dung on dinh,4.1,119,0.196,15,153,3,0,49108338,17.70954,120,45,10,6,1,1
samsung s23 cao cap,san pham thuoc nhom dien thoai. ten san pham samsung s23. co dac diem zin. co dac diem tot. co dac diem cao cap. ho tro kiem tra. hinh anh that. chat luong tot. da su dung on dinh. nguon goc ro rang,1.73,54,0.16,19,198,3,0,17387736,16.67128,60,45,19,5,1,1
canon eos day du phu kien,san pham thuoc nhom camera. ten san pham canon eos. co dac diem like new. co dac diem day du phu kien. chat luong tot. thong tin trung thuc. ngoai hinh dep,4.17,23,0.132,25,155,4,1,27188900,17.11832,180,30,9,5,1,1
casio gshock nguyen seal khong bao hanh,san pham thuoc nhom dong ho. ten san pham casio gshock. co dac diem nguyen seal. luu y khong bao hanh. co the giao dich truc tiep. mo ta chi tiet. ho tro kiem tra,1.48,137,0.428,39,162,2,2,46366092,17.65208,45,30,6,5,1,0
nikon d750 like new xuoc,san pham thuoc nhom camera. ten san pham nikon d750. co dac diem moi. co dac diem like new. co dac diem nguyen seal. luu y xuoc. hinh anh that. thong tin trung thuc. co hoa don. ho tro kiem tra,4.78,163,0.391,24,193,3,2,32992311,17.31179,30,15,18,2,0,1
casio gshock zin,san pham thuoc nhom dong ho. ten san pham casio gshock. co dac diem zin. da su dung on dinh. chat luong tot,1.3,161,0.309,16,107,2,0,10232227,16.14105,45,90,9,0,0,1
oppo find x5 like new,san pham thuoc nhom dien thoai. ten san pham oppo find x5. co dac diem tot. co dac diem like new. chat luong tot. co hoa don. da su dung on dinh. nguon goc ro rang. ngoai hinh dep,3.48,156,0.432,21,179,3,0,6709452,15.71903,240,30,20,1,0,1
iphone 14 pro bao hanh,san pham thuoc nhom dien thoai. ten san pham iphone 14 pro. co dac diem bao hanh. chat luong tot. thong tin trung thuc. co hoa don. hinh anh that. co the giao dich truc tiep,2.15,72,0.316,22,173,2,1,30519526,17.23388,30,120,7,2,0,0
sony a6400 cao cap,san pham thuoc nhom camera. ten san pham sony a6400. co dac diem cao cap. nguon goc ro rang. co the giao dich truc tiep. hinh anh that. ngoai hinh dep,4.17,152,0.337,18,150,2,0,38248838,17.45962,60,60,3,3,0,1
casio gshock fullbox,san pham thuoc nhom dong ho. ten san pham casio gshock. co dac diem fullbox. co dac diem tot. ho tro kiem tra. co hoa don. hinh anh that. chat luong tot. co the giao dich truc tiep,4.85,214,0.387,20,180,2,0,39451152,17.49057,30,120,8,4,0,1
asus tuf bao hanh,san pham thuoc nhom laptop. ten san pham asus tuf. co dac diem moi. co dac diem bao hanh. co the giao dich truc tiep. chat luong tot. ho tro kiem tra. mo ta chi tiet. nguon goc ro rang,2.28,26,0.386,17,184,3,0,22182749,16.91483,90,120,15,2,0,0
apple watch fullbox,san pham thuoc nhom dong ho. ten san pham apple watch. co dac diem nguyen seal. co dac diem fullbox. ngoai hinh dep. chat luong tot,2.65,48,0.233,19,131,4,0,41834251,17.54923,240,60,20,3,0,1
dell xps 13 zin,san pham thuoc nhom laptop. ten san pham dell xps 13. co dac diem zin. co dac diem it dung. luu y loi. luu y hong. ngoai hinh dep. hinh anh that. da su dung on dinh. thong tin trung thuc,1.9,215,0.411,15,186,3,2,31017243,17.25005,30,120,4,3,0,0
galaxy buds zin,san pham thuoc nhom tai nghe. ten san pham galaxy buds. co dac diem zin. ngoai hinh dep. nguon goc ro rang. da su dung on dinh. co the giao dich truc tiep. co hoa don,3.03,225,0.061,15,166,2,0,4734875,15.37047,60,60,10,6,1,1
samsung s23 tot cu,san pham thuoc nhom dien thoai. ten san pham samsung s23. co dac diem tot. co dac diem cao cap. luu y cu. ho tro kiem tra. ngoai hinh dep. da su dung on dinh. mo ta chi tiet,4.73,222,0.085,18,173,3,1,46858327,17.66264,45,90,12,1,0,1
apple watch day du phu kien,san pham thuoc nhom dong ho. ten san pham apple watch. co dac diem day du phu kien. chat luong tot. hinh anh that. nguon goc ro rang,3.01,151,0.149,27,132,2,0,6785354,15.73028,240,60,3,4,0,1
iphone 14 pro bao hanh,san pham thuoc nhom dien thoai. ten san pham iphone 14 pro. co dac diem bao hanh. co hoa don. ho tro kiem tra. da su dung on dinh. ngoai hinh dep. hinh anh that,4.41,218,0.303,22,160,2,0,35860787,17.39516,90,45,20,5,1,1
apple watch cao cap,san pham thuoc nhom dong ho. ten san pham apple watch. co dac diem cao cap. co dac diem moi. da su dung on dinh. co the giao dich truc tiep,4.04,180,0.393,19,139,2,0,29824763,17.21085,45,120,9,0,0,1
samsung s23 like new,san pham thuoc nhom dien thoai. ten san pham samsung s23. co dac diem like new. nguon goc ro rang. thong tin trung thuc. co the giao dich truc tiep,3.44,97,0.279,20,147,1,1,16211813,16.60125,90,90,4,1,0,0
beats studio buds zin,san pham thuoc nhom tai nghe. ten san pham beats studio buds. co dac diem zin. co the giao dich truc tiep. chat luong tot. ho tro kiem tra,4.95,76,0.288,21,138,2,0,28524890,17.16629,180,45,14,6,1,1
seiko 5 nguyen seal,san pham thuoc nhom dong ho. ten san pham seiko 5. co dac diem nguyen seal. hinh anh that. da su dung on dinh. co hoa don. thong tin trung thuc,3.26,175,0.35,19,143,1,1,3341303,15.02187,120,120,15,6,1,1
sony wh-1000xm5 like new,san pham thuoc nhom tai nghe. ten san pham sony wh-1000xm5. co dac diem cao cap. co dac diem like new. co the giao dich truc tiep. hinh anh that. co hoa don,4.15,8,0.261,24,156,2,0,49197832,17.71136,45,15,9,2,0,1
thinkpad x1 nguyen seal,san pham thuoc nhom laptop. ten san pham thinkpad x1. co dac diem nguyen seal. co hoa don. chat luong tot. thong tin trung thuc,3.99,86,0.362,23,127,2,1,31479187,17.26484,30,30,7,6,1,1
casio gshock,san pham thuoc nhom dong ho. ten san pham casio gshock. ngoai hinh dep. co the giao dich truc tiep. chat luong tot. nguon goc ro rang,3.69,172,0.118,12,133,2,0,25620188,17.05889,240,120,11,0,0,1
apple watch nguyen seal,san pham thuoc nhom dong ho. ten san pham apple watch. co dac diem nguyen seal. co dac diem tot. luu y vo. luu y mo ta so sai. co hoa don. da su dung on dinh. co the giao dich truc tiep. chat luong tot. hinh anh that,4.79,77,0.448,23,216,2,2,7842713,15.8751,30,30,17,1,0,0
beats studio buds cao cap,san pham thuoc nhom tai nghe. ten san pham beats studio buds. co dac diem day du phu kien. co dac diem cao cap. luu y loi. hinh anh that. ho tro kiem tra. mo ta chi tiet. chat luong tot,2.78,60,0.385,25,185,3,1,6717575,15.72024,180,45,17,5,1,0
casio gshock zin,san pham thuoc nhom dong ho. ten san pham casio gshock. co dac diem zin. thong tin trung thuc. hinh anh that. ngoai hinh dep,4.15,62,0.445,16,124,2,1,37938186,17.45147,45,15,17,1,0,0
dell xps 13 tot,san pham thuoc nhom laptop. ten san pham dell xps 13. co dac diem tot. co dac diem chinh hang. luu y mat phu kien. nguon goc ro rang. co the giao dich truc tiep. hinh anh that. ngoai hinh dep,1.06,202,0.355,15,191,3,1,39567250,17.49351,60,15,5,2,0,0
apple watch nguyen seal,san pham thuoc nhom dong ho. ten san pham apple watch. co dac diem nguyen seal. co dac diem dep. ngoai hinh dep. mo ta chi tiet. hinh anh that. ho tro kiem tra. da su dung on dinh,3.09,117,0.29,23,179,2,0,2140484,14.57654,30,60,12,3,0,1
seiko 5,san pham thuoc nhom dong ho. ten san pham seiko 5. co the giao dich truc tiep. nguon goc ro rang. co hoa don,3.5,149,0.247,7,108,0,0,21872825,16.90076,90,90,16,2,0,0
fujifilm xt30,san pham thuoc nhom camera. ten san pham fujifilm xt30. luu y mo ta so sai. da su dung on dinh. chat luong tot. mo ta chi tiet,2.66,211,0.204,13,126,1,1,27966592,17.14652,180,15,10,3,0,0
galaxy buds zin,san pham thuoc nhom tai nghe. ten san pham galaxy buds. co dac diem zin. co dac diem fullbox. co dac diem cao cap. da su dung on dinh. co the giao dich truc tiep,3.98,95,0.365,15,161,3,0,37387408,17.43684,30,90,17,4,0,1
xiaomi 13 day du phu kien,san pham thuoc nhom dien thoai. ten san pham xiaomi 13. co dac diem day du phu kien. thong tin trung thuc. co hoa don. ho tro kiem tra. hinh anh that,3.31,54,0.07,25,149,1,1,32409182,17.29395,45,15,11,6,1,0
samsung s23 dep,san pham thuoc nhom dien thoai. ten san pham samsung s23. co dac diem dep. co dac diem tot. luu y gap. hinh anh that. nguon goc ro rang. co hoa don. ho tro kiem tra,4.05,235,0.153,15,164,2,1,459752,13.03844,45,30,18,5,1,1
macbook air m1,san pham thuoc nhom laptop. ten san pham macbook air m1. da su dung on dinh. chat luong tot. ho tro kiem tra. co the giao dich truc tiep. nguon goc ro rang,2.25,83,0.35,14,155,1,0,38140558,17.45679,120,15,1,1,0,0
canon eos day du phu kien,san pham thuoc nhom camera. ten san pham canon eos. co dac diem cao cap. co dac diem day du phu kien. da su dung on dinh. co hoa don. mo ta chi tiet. thong tin trung thuc. ngoai hinh dep,1.46,110,0.05,25,186,3,1,45564432,17.63464,180,90,15,4,0,0
iphone 14 pro chinh hang,san pham thuoc nhom dien thoai. ten san pham iphone 14 pro. co dac diem chinh hang. mo ta chi tiet. nguon goc ro rang. co hoa don. ngoai hinh dep,2.31,1,0.224,24,145,2,0,28950768,17.18111,45,30,12,4,0,0
nikon d750 hong,san pham thuoc nhom camera. ten san pham nikon d750. luu y hong. ho tro kiem tra. da su dung on dinh,3.29,181,0.288,15,100,0,1,19479036,16.78485,30,60,0,2,0,0
fujifilm xt30 day du phu kien,san pham thuoc nhom camera. ten san pham fujifilm xt30. co dac diem fullbox. co dac diem day du phu kien. co dac diem it dung. luu y vo. da su dung on dinh. co hoa don,3.98,56,0.15,29,167,3,1,11333195,16.24325,30,90,20,0,0,1
dell xps 13 cao cap xuoc,san pham thuoc nhom laptop. ten san pham dell xps 13. co dac diem cao cap. luu y xuoc. luu y vo. thong tin trung thuc. nguon goc ro rang. co the giao dich truc tiep,1.71,197,0.283,24,164,1,3,31185363,17.25546,240,90,18,3,0,0
nikon d750 zin,san pham thuoc nhom camera. ten san pham nikon d750. co dac diem bao hanh. co dac diem zin. co dac diem fullbox. co hoa don. thong tin trung thuc. hinh anh that. nguon goc ro rang. ngoai hinh dep,1.3,118,0.203,14,195,4,1,3867826,15.1682,60,45,2,5,1,1
oppo find x5 tot,san pham thuoc nhom dien thoai. ten san pham oppo find x5. co dac diem tot. co dac diem dep. thong tin trung thuc. mo ta chi tiet. ho tro kiem tra. co hoa don. ngoai hinh dep,3.01,245,0.028,16,174,2,1,6995893,15.76083,240,45,22,0,0,1
macbook air m1 zin,san pham thuoc nhom laptop. ten san pham macbook air m1. co dac diem zin. ho tro kiem tra. co hoa don. da su dung on dinh. mo ta chi tiet,4.1,173,0.269,18,137,1,0,42388081,17.56238,180,45,2,2,0,1
casio gshock tot xuoc,san pham thuoc nhom dong ho. ten san pham casio gshock. co dac diem tot. luu y xuoc. co hoa don. da su dung on dinh. nguon goc ro rang. thong tin trung thuc,3.84,21,0.139,21,156,1,2,25328520,17.04744,180,45,4,5,1,0
canon eos chinh hang,san pham thuoc nhom camera. ten san pham canon eos. co dac diem nguyen seal. co dac diem chinh hang. nguon goc ro rang. mo ta chi tiet. ho tro kiem tra. da su dung on dinh,2.95,57,0.45,20,171,2,0,10448194,16.16194,30,45,3,4,0,1
canon eos bao hanh gap,san pham thuoc nhom camera. ten san pham canon eos. co dac diem tot. co dac diem bao hanh. luu y gap. chat luong tot. hinh anh that. da su dung on dinh,2.46,184,0.107,22,151,2,1,29859670,17.21202,120,45,23,6,1,1
sony a6400 zin,san pham thuoc nhom camera. ten san pham sony a6400. co dac diem zin. luu y vo. chat luong tot. co hoa don. da su dung on dinh. ngoai hinh dep. thong tin trung thuc,2.67,41,0.368,14,164,3,2,40628277,17.51997,45,45,1,5,1,0
airpods pro fullbox,san pham thuoc nhom tai nghe. ten san pham airpods pro. co dac diem fullbox. co dac diem moi. co hoa don. chat luong tot. nguon goc ro rang,4.32,23,0.426,19,139,3,0,14950718,16.52027,240,60,11,0,0,1
casio gshock nguyen seal,san pham thuoc nhom dong ho. ten san pham casio gshock. co dac diem nguyen seal. luu y vo. luu y hong. nguon goc ro rang. thong tin trung thuc. hinh anh that. ngoai hinh dep,4.67,120,0.313,24,173,2,2,9364219,16.05241,240,120,15,3,0,1
iphone 13 dep khong ro,san pham thuoc nhom dien thoai. ten san pham iphone 13. co dac diem dep. luu y khong ro. co hoa don. co the giao dich truc tiep. hinh anh that,1.95,163,0.357,22,142,1,2,30726375,17.24063,30,15,15,4,0,0
sony a6400 tot,san pham thuoc nhom camera. ten san pham sony a6400. co dac diem chinh hang. co dac diem tot. thong tin trung thuc. da su dung on dinh. nguon goc ro rang,3.66,21,0.236,14,153,2,1,24249708,17.00392,30,90,17,4,0,1
canon eos cao cap,san pham thuoc nhom camera. ten san pham canon eos. co dac diem cao cap. co hoa don. hinh anh that. ho tro kiem tra. da su dung on dinh,1.27,61,0.33,17,135,1,0,42211611,17.55821,30,90,23,6,1,0
samsung s23 cao cap,san pham thuoc nhom dien thoai. ten san pham samsung s23. co dac diem bao hanh. co dac diem cao cap. luu y cu. co the giao dich truc tiep. chat luong tot. hinh anh that,2.17,11,0.356,19,168,3,1,2862260,14.86712,60,45,16,3,0,0
fujifilm xt30 like new,san pham thuoc nhom camera. ten san pham fujifilm xt30. co dac diem like new. luu y mat phu kien. ho tro kiem tra. co hoa don,1.5,94,0.197,22,125,1,1,26895006,17.10745,180,60,12,2,0,0
seiko 5 moi loi,san pham thuoc nhom dong ho. ten san pham seiko 5. co dac diem moi. luu y loi. ho tro kiem tra. co the giao dich truc tiep. ngoai hinh dep. nguon goc ro rang,3.64,78,0.201,15,157,2,1,48211542,17.69111,90,30,22,3,0,1
samsung s23 cao cap,san pham thuoc nhom dien thoai. ten san pham samsung s23. co dac diem cao cap. co dac diem chinh hang. ho tro kiem tra. ngoai hinh dep. nguon goc ro rang. hinh anh that. co the giao dich truc tiep,4.39,173,0.352,19,196,3,0,2385319,14.68484,45,15,7,6,1,1
beats studio buds cao cap,san pham thuoc nhom tai nghe. ten san pham beats studio buds. co dac diem bao hanh. co dac diem cao cap. co dac diem zin. chat luong tot. co the giao dich truc tiep. nguon goc ro rang. co hoa don,2.47,80,0.292,25,195,4,0,16801154,16.63696,30,15,23,1,0,1
apple watch zin,san pham thuoc nhom dong ho. ten san pham apple watch. co dac diem zin. chat luong tot. mo ta chi tiet. co the giao dich truc tiep. thong tin trung thuc,4.41,115,0.078,15,152,2,1,47923443,17.68512,90,15,21,6,1,1
airpods pro moi,san pham thuoc nhom tai nghe. ten san pham airpods pro. co dac diem moi. co dac diem bao hanh. ngoai hinh dep. mo ta chi tiet. co the giao dich truc tiep. chat luong tot,4.17,60,0.356,15,169,4,0,1813891,14.41099,60,90,18,2,0,1
sony a6400 day du phu kien,san pham thuoc nhom camera. ten san pham sony a6400. co dac diem moi. co dac diem day du phu kien. da su dung on dinh. co the giao dich truc tiep. nguon goc ro rang. chat luong tot. ho tro kiem tra,1.3,119,0.306,26,197,3,0,23169995,16.95837,45,90,20,4,0,0
asus tuf dep xuoc,san pham thuoc nhom laptop. ten san pham asus tuf. co dac diem fullbox. co dac diem dep. luu y xuoc. ho tro kiem tra. ngoai hinh dep. co hoa don,4.38,64,0.088,17,144,2,1,37016341,17.42687,60,30,20,2,0,1
oppo find x5 tot,san pham thuoc nhom dien thoai. ten san pham oppo find x5. co dac diem tot. co dac diem bao hanh. thong tin trung thuc. hinh anh that. ngoai hinh dep. chat luong tot,1.18,164,0.347,16,165,3,1,17810757,16.69531,180,30,18,3,0,0
xiaomi 13 cao cap,san pham thuoc nhom dien thoai. ten san pham xiaomi 13. co dac diem cao cap. co dac diem moi. co dac diem zin. co hoa don. chat luong tot. co the giao dich truc tiep. ho tro kiem tra. hinh anh that,1.63,106,0.218,17,197,4,0,13741752,16.43595,60,90,4,2,0,1
galaxy buds nguyen seal,san pham thuoc nhom tai nghe. ten san pham galaxy buds. co dac diem nguyen seal. co dac diem dep. co dac diem cao cap. mo ta chi tiet. chat luong tot. co the giao dich truc tiep. nguon goc ro rang,2.8,36,0.044,23,196,4,0,19525797,16.78725,90,90,13,1,0,1
dell xps 13 bao hanh,san pham thuoc nhom laptop. ten san pham dell xps 13. co dac diem like new. co dac diem bao hanh. co dac diem zin. luu y test. chat luong tot. hinh anh that. co the giao dich truc tiep. mo ta chi tiet,3.02,247,0.108,20,200,4,1,39197560,17.48413,60,15,1,2,0,1
casio gshock bao hanh,san pham thuoc nhom dong ho. ten san pham casio gshock. co dac diem day du phu kien. co dac diem bao hanh. luu y mat phu kien. hinh anh that. da su dung on dinh. thong tin trung thuc. co hoa don,3.25,92,0.249,21,194,2,2,4984632,15.42187,90,90,14,6,1,0
canon eos nguyen seal,san pham thuoc nhom camera. ten san pham canon eos. co dac diem nguyen seal. nguon goc ro rang. mo ta chi tiet. da su dung on dinh. co hoa don,1.16,9,0.062,21,142,1,0,22399983,16.92457,240,60,16,3,0,0
sony a6400 bao hanh,san pham thuoc nhom camera. ten san pham sony a6400. co dac diem bao hanh. thong tin trung thuc. ho tro kiem tra. chat luong tot. ngoai hinh dep,3.25,121,0.367,19,144,3,1,24770074,17.02515,60,120,3,3,0,1
oppo find x5 it dung hong,san pham thuoc nhom dien thoai. ten san pham oppo find x5. co dac diem tot. co dac diem it dung. luu y vo. luu y hong. mo ta chi tiet. hinh anh that. co the giao dich truc tiep,1.76,112,0.141,25,176,2,2,10212379,16.13911,90,120,6,3,0,0
fujifilm xt30 dep vo,san pham thuoc nhom camera. ten san pham fujifilm xt30. co dac diem chinh hang. co dac diem bao hanh. co dac diem dep. luu y vo. ho tro kiem tra. nguon goc ro rang. chat luong tot. co hoa don. ngoai hinh dep,3.19,173,0.347,20,207,4,1,48430428,17.69564,180,120,22,2,0,1
thinkpad x1 moi,san pham thuoc nhom laptop. ten san pham thinkpad x1. co dac diem moi. chat luong tot. ho tro kiem tra. thong tin trung thuc,2.4,239,0.421,15,124,2,1,48480076,17.69666,60,45,3,4,0,0
seiko 5 moi,san pham thuoc nhom dong ho. ten san pham seiko 5. co dac diem bao hanh. co dac diem moi. co dac diem chinh hang. luu y mat phu kien. luu y loi. chat luong tot. mo ta chi tiet. ngoai hinh dep. da su dung on dinh,3.15,238,0.253,11,211,5,2,18278208,16.72122,45,15,19,5,1,1
macbook air m1 cao cap,san pham thuoc nhom laptop. ten san pham macbook air m1. co dac diem cao cap. co dac diem like new. da su dung on dinh. ho tro kiem tra,3.87,25,0.307,22,135,2,0,9275256,16.04286,30,90,5,3,0,1
seiko 5 moi,san pham thuoc nhom dong ho. ten san pham seiko 5. co dac diem moi. co dac diem nguyen seal. luu y mat phu kien. thong tin trung thuc. mo ta chi tiet,3.14,185,0.383,11,149,2,2,2553042,14.7528,45,60,5,0,0,0
seiko 5 moi hong,san pham thuoc nhom dong ho. ten san pham seiko 5. co dac diem moi. luu y hong. co hoa don. chat luong tot. ngoai hinh dep. co the giao dich truc tiep,4.4,119,0.123,16,150,3,1,7609596,15.84492,60,30,23,3,0,1
macbook air m1 tot,san pham thuoc nhom laptop. ten san pham macbook air m1. co dac diem tot. co dac diem cao cap. luu y vo. da su dung on dinh. ngoai hinh dep. ho tro kiem tra. hinh anh that. mo ta chi tiet,3.68,47,0.442,18,187,3,1,32091402,17.2841,60,30,0,2,0,0
casio gshock tot,san pham thuoc nhom dong ho. ten san pham casio gshock. co dac diem it dung. co dac diem tot. co dac diem chinh hang. mo ta chi tiet. hinh anh that. co the giao dich truc tiep. thong tin trung thuc,2.23,103,0.309,16,197,3,1,47264913,17.67128,240,45,22,0,0,0
galaxy buds bao hanh,san pham thuoc nhom tai nghe. ten san pham galaxy buds. co dac diem bao hanh. co dac diem zin. thong tin trung thuc. ho tro kiem tra. da su dung on dinh. ngoai hinh dep. co hoa don,4.65,193,0.242,20,180,3,1,44616623,17.61362,240,30,7,5,1,1
oppo find x5 fullbox gap,san pham thuoc nhom dien thoai. ten san pham oppo find x5. co dac diem fullbox. luu y gap. nguon goc ro rang. ho tro kiem tra. chat luong tot,1.46,52,0.323,24,141,2,1,32854689,17.30761,30,90,14,6,1,0
hp spectre dep,san pham thuoc nhom laptop. ten san pham hp spectre. co dac diem dep. hinh anh that. da su dung on dinh. co hoa don. ngoai hinh dep,1.01,55,0.26,14,131,1,0,3089347,14.94347,90,45,22,0,0,0
iphone 13 moi,san pham thuoc nhom dien thoai. ten san pham iphone 13. co dac diem moi. co dac diem day du phu kien. co dac diem bao hanh. ho tro kiem tra. da su dung on dinh. chat luong tot. ngoai hinh dep. mo ta chi tiet,2.5,174,0.434,13,207,5,0,36241828,17.40572,45,120,11,0,0,1
fujifilm xt30 chinh hang,san pham thuoc nhom camera. ten san pham fujifilm xt30. co dac diem like new. co dac diem chinh hang. luu y hong. ngoai hinh dep. da su dung on dinh. mo ta chi tiet. co the giao dich truc tiep. chat luong tot,2.38,70,0.085,24,208,4,1,48705533,17.7013,240,15,1,6,1,1
canon eos tot,san pham thuoc nhom camera. ten san pham canon eos. co dac diem tot. thong tin trung thuc. hinh anh that. mo ta chi tiet. ho tro kiem tra. ngoai hinh dep,2.61,59,0.243,13,153,2,1,3837895,15.16043,45,90,9,1,0,0
nikon d750 nguyen seal,san pham thuoc nhom camera. ten san pham nikon d750. co dac diem nguyen seal. co dac diem like new. luu y mat phu kien. da su dung on dinh. co hoa don. ngoai hinh dep,1.24,242,0.266,22,166,3,1,49389249,17.71524,45,120,21,3,0,0
samsung s23 nguyen seal,san pham thuoc nhom dien thoai. ten san pham samsung s23. co dac diem dep. co dac diem nguyen seal. co dac diem day du phu kien. co hoa don. da su dung on dinh. nguon goc ro rang,4.02,121,0.108,23,178,3,0,15172616,16.535,60,120,4,6,1,1
oppo find x5 dep,san pham thuoc nhom dien thoai. ten san pham oppo find x5. co dac diem dep. mo ta chi tiet. co hoa don. thong tin trung thuc. nguon goc ro rang. ho tro kiem tra,1.32,115,0.381,16,160,1,1,6255153,15.64892,120,120,6,0,0,0
canon eos tot,san pham thuoc nhom camera. ten san pham canon eos. co dac diem tot. co dac diem cao cap. co dac diem dep. mo ta chi tiet. ho tro kiem tra. co hoa don. hinh anh that. co the giao dich truc tiep,4.75,246,0.334,13,193,3,0,32189835,17.28716,45,120,19,5,1,1
hp spectre zin,san pham thuoc nhom laptop. ten san pham hp spectre. co dac diem zin. co hoa don. ho tro kiem tra. chat luong tot. mo ta chi tiet,1.39,184,0.211,14,129,2,0,21540491,16.88545,45,45,10,3,0,0
thinkpad x1,san pham thuoc nhom laptop. ten san pham thinkpad x1. co hoa don. nguon goc ro rang. mo ta chi tiet. ngoai hinh dep. co the giao dich truc tiep,2.52,213,0.111,11,143,1,0,37002994,17.42651,180,120,10,2,0,1
seiko 5 bao hanh xuoc,san pham thuoc nhom dong ho. ten san pham seiko 5. co dac diem nguyen seal. co dac diem bao hanh. luu y xuoc. co the giao dich truc tiep. hinh anh that,4.06,105,0.062,21,151,2,1,42375671,17.56208,45,15,22,1,0,1
fujifilm xt30 cao cap,san pham thuoc nhom camera. ten san pham fujifilm xt30. co dac diem cao cap. hinh anh that. thong tin trung thuc. da su dung on dinh. ngoai hinh dep. chat luong tot,3.12,70,0.241,21,164,3,1,19289342,16.77506,30,90,22,5,1,1
macbook air m1 tot,san pham thuoc nhom laptop. ten san pham macbook air m1. co dac diem like new. co dac diem it dung. co dac diem tot. ho tro kiem tra. co hoa don. da su dung on dinh. hinh anh that,2.49,103,0.207,18,179,3,0,16371405,16.61105,180,30,9,5,1,1
iphone 13,san pham thuoc nhom dien thoai. ten san pham iphone 13. hinh anh that. thong tin trung thuc. nguon goc ro rang. ngoai hinh dep. mo ta chi tiet,4.38,165,0.353,9,142,1,1,38023995,17.45373,240,15,16,0,0,0
fujifilm xt30 cao cap test,san pham thuoc nhom camera. ten san pham fujifilm xt30. co dac diem cao cap. luu y mat phu kien. luu y test. mo ta chi tiet. nguon goc ro rang,4.01,182,0.369,26,142,1,2,5213187,15.4667,60,30,18,1,0,1
casio gshock it dung,san pham thuoc nhom dong ho. ten san pham casio gshock. co dac diem it dung. luu y khong ro. hinh anh that. co the giao dich truc tiep. da su dung on dinh. ngoai hinh dep,4.35,87,0.272,20,170,2,2,41245798,17.53506,120,60,10,0,0,1
seiko 5 day du phu kien,san pham thuoc nhom dong ho. ten san pham seiko 5. co dac diem day du phu kien. thong tin trung thuc. da su dung on dinh. co the giao dich truc tiep,4.09,75,0.359,23,148,1,1,47905903,17.68475,30,15,8,1,0,0
asus tuf chinh hang,san pham thuoc nhom laptop. ten san pham asus tuf. co dac diem chinh hang. ho tro kiem tra. co hoa don. co the giao dich truc tiep. chat luong tot. hinh anh that,1.75,114,0.251,19,161,2,0,34439323,17.35471,90,15,0,0,0,0
oppo find x5 chinh hang,san pham thuoc nhom dien thoai. ten san pham oppo find x5. co dac diem day du phu kien. co dac diem chinh hang. da su dung on dinh. co the giao dich truc tiep. mo ta chi tiet. co hoa don. thong tin trung thuc,1.68,97,0.076,23,208,2,1,18096846,16.71125,60,45,15,1,0,0
casio gshock fullbox,san pham thuoc nhom dong ho. ten san pham casio gshock. co dac diem fullbox. mo ta chi tiet. chat luong tot. thong tin trung thuc. ngoai hinh dep,1.43,77,0.003,20,145,3,1,26604439,17.09659,60,90,12,6,1,0
casio gshock cao cap gap,san pham thuoc nhom dong ho. ten san pham casio gshock. co dac diem cao cap. luu y gap. ho tro kiem tra. nguon goc ro rang. da su dung on dinh. ngoai hinh dep. chat luong tot,3.94,162,0.221,24,174,3,1,38696604,17.47126,240,30,10,3,0,1
casio gshock tot,san pham thuoc nhom dong ho. ten san pham casio gshock. co dac diem tot. chat luong tot. mo ta chi tiet,2.75,74,0.374,16,103,1,0,4691159,15.36119,240,60,21,3,0,0
sony wh-1000xm5 day du phu kien,san pham thuoc nhom tai nghe. ten san pham sony wh-1000xm5. co dac diem day du phu kien. chat luong tot. thong tin trung thuc,3.33,136,0.228,31,125,2,1,46469796,17.65431,90,90,1,6,1,1
canon eos cao cap,san pham thuoc nhom camera. ten san pham canon eos. co dac diem cao cap. thong tin trung thuc. hinh anh that. da su dung on dinh,4.87,84,0.435,17,128,1,1,28937382,17.18064,30,15,3,2,0,0
sony a6400 cao cap,san pham thuoc nhom camera. ten san pham sony a6400. co dac diem cao cap. hinh anh that. chat luong tot. co the giao dich truc tiep. nguon goc ro rang,2.66,246,0.039,18,150,2,0,49049585,17.70834,45,45,9,2,0,1
hp spectre it dung,san pham thuoc nhom laptop. ten san pham hp spectre. co dac diem zin. co dac diem it dung. co hoa don. hinh anh that,4.24,29,0.01,18,116,2,0,23073571,16.9542,180,15,21,6,1,1
hp spectre dep,san pham thuoc nhom laptop. ten san pham hp spectre. co dac diem dep. mo ta chi tiet. da su dung on dinh. nguon goc ro rang. co the giao dich truc tiep. ho tro kiem tra,3.63,101,0.013,14,168,1,0,41262018,17.53545,45,60,18,3,0,1
thinkpad x1 fullbox,san pham thuoc nhom laptop. ten san pham thinkpad x1. co dac diem fullbox. luu y gap. ho tro kiem tra. thong tin trung thuc. mo ta chi tiet,2.83,67,0.302,19,139,1,2,32898713,17.30894,120,120,10,4,0,0
apple watch tot,san pham thuoc nhom dong ho. ten san pham apple watch. co dac diem tot. luu y xuoc. nguon goc ro rang. ho tro kiem tra,1.47,78,0.053,15,118,1,1,25102146,17.03846,180,30,16,3,0,0
hp spectre cao cap,san pham thuoc nhom laptop. ten san pham hp spectre. co dac diem cao cap. chat luong tot. co hoa don. nguon goc ro rang,1.75,215,0.203,18,119,2,0,3647790,15.10963,240,45,0,3,0,0
seiko 5 it dung,san pham thuoc nhom dong ho. ten san pham seiko 5. co dac diem it dung. nguon goc ro rang. co the giao dich truc tiep. hinh anh that. da su dung on dinh. ngoai hinh dep,2.17,70,0.101,15,168,2,0,19422336,16.78193,45,60,18,5,1,1
apple watch dep,san pham thuoc nhom dong ho. ten san pham apple watch. co dac diem dep. co dac diem nguyen seal. ngoai hinh dep. mo ta chi tiet. da su dung on dinh. hinh anh that. ho tro kiem tra,4.32,192,0.111,15,179,2,0,2212945,14.60984,90,45,11,6,1,1
apple watch tot,san pham thuoc nhom dong ho. ten san pham apple watch. co dac diem it dung. co dac diem tot. nguon goc ro rang. thong tin trung thuc. mo ta chi tiet. da su dung on dinh. co the giao dich truc tiep,4.22,145,0.158,15,196,2,1,18913296,16.75538,120,90,5,2,0,1
galaxy buds cao cap,san pham thuoc nhom tai nghe. ten san pham galaxy buds. co dac diem dep. co dac diem cao cap. luu y loi. luu y xuoc. nguon goc ro rang. thong tin trung thuc. mo ta chi tiet. co the giao dich truc tiep,3.85,212,0.111,19,200,2,3,45431332,17.63171,90,60,4,4,0,0
seiko 5 day du phu kien,san pham thuoc nhom dong ho. ten san pham seiko 5. co dac diem fullbox. co dac diem day du phu kien. chat luong tot. thong tin trung thuc. ho tro kiem tra. co hoa don,1.01,198,0.381,23,166,3,1,6300630,15.65616,180,60,20,5,1,0
oppo find x5 like new,san pham thuoc nhom dien thoai. ten san pham oppo find x5. co dac diem like new. luu y cu. luu y mat phu kien. ngoai hinh dep. nguon goc ro rang. chat luong tot. da su dung on dinh,2.37,174,0.343,21,180,3,2,3133177,14.95756,30,120,14,0,0,0
asus tuf like new xuoc,san pham thuoc nhom laptop. ten san pham asus tuf. co dac diem day du phu kien. co dac diem like new. luu y khong ro. luu y xuoc. ho tro kiem tra. co hoa don,1.33,170,0.407,22,157,2,3,11158200,16.22769,30,60,20,2,0,0
asus tuf chinh hang cu,san pham thuoc nhom laptop. ten san pham asus tuf. co dac diem chinh hang. co dac diem like new. luu y cu. hinh anh that. thong tin trung thuc. ho tro kiem tra. da su dung on dinh. ngoai hinh dep,4.95,108,0.312,22,195,3,2,32107920,17.28461,30,30,12,0,0,1
iphone 13 bao hanh,san pham thuoc nhom dien thoai. ten san pham iphone 13. co dac diem bao hanh. luu y can sua. co the giao dich truc tiep. ngoai hinh dep. hinh anh that,3.44,42,0.198,18,150,2,1,48531592,17.69773,45,120,23,1,0,1
fujifilm xt30 it dung,san pham thuoc nhom camera. ten san pham fujifilm xt30. co dac diem fullbox. co dac diem bao hanh. co dac diem it dung. ho tro kiem tra. da su dung on dinh. thong tin trung thuc. ngoai hinh dep. co the giao dich truc tiep,1.99,165,0.038,21,221,4,1,37187819,17.43149,120,90,23,4,0,1
samsung s23 like new,san pham thuoc nhom dien thoai. ten san pham samsung s23. co dac diem like new. hinh anh that. mo ta chi tiet. chat luong tot. ngoai hinh dep,1.45,127,0.287,20,141,3,0,4815534,15.38736,120,15,11,2,0,0
fujifilm xt30 zin,san pham thuoc nhom camera. ten san pham fujifilm xt30. co dac diem zin. thong tin trung thuc. co the giao dich truc tiep,1.06,55,0.018,17,121,1,1,4107996,15.22845,240,60,16,2,0,0
fujifilm xt30 cao cap,san pham thuoc nhom camera. ten san pham fujifilm xt30. co dac diem cao cap. co the giao dich truc tiep. co hoa don. thong tin trung thuc. ngoai hinh dep,4.68,249,0.364,21,153,2,1,36046535,17.40032,60,60,18,5,1,1
samsung s23 like new,san pham thuoc nhom dien thoai. ten san pham samsung s23. co dac diem like new. co dac diem chinh hang. luu y vo. chat luong tot. hinh anh that,2.24,189,0.296,20,143,3,1,11837397,16.28677,30,15,22,1,0,1
asus tuf moi,san pham thuoc nhom laptop. ten san pham asus tuf. co dac diem it dung. co dac diem moi. co dac diem bao hanh. co hoa don. co the giao dich truc tiep. hinh anh that,2.34,109,0.122,12,164,3,0,4336376,15.28255,60,120,18,5,1,1
casio gshock xuoc,san pham thuoc nhom dong ho. ten san pham casio gshock. luu y xuoc. thong tin trung thuc. co the giao dich truc tiep,1.91,130,0.001,17,116,0,2,874638,13.68157,45,15,15,2,0,0
thinkpad x1 cao cap vo,san pham thuoc nhom laptop. ten san pham thinkpad x1. co dac diem dep. co dac diem cao cap. co dac diem day du phu kien. luu y vo. co the giao dich truc tiep. ho tro kiem tra. thong tin trung thuc. co hoa don,3.69,13,0.081,22,208,3,2,34663015,17.36118,30,60,2,3,0,1
galaxy buds,san pham thuoc nhom tai nghe. ten san pham galaxy buds. mo ta chi tiet. co hoa don. ngoai hinh dep. ho tro kiem tra,3.49,118,0.166,11,115,1,0,33158874,17.31682,240,30,23,4,0,1
thinkpad x1,san pham thuoc nhom laptop. ten san pham thinkpad x1. ngoai hinh dep. ho tro kiem tra. hinh anh that,4.8,0,0.342,11,100,1,0,25301376,17.04637,240,120,23,2,0,0
sony a6400 bao hanh khong ro,san pham thuoc nhom camera. ten san pham sony a6400. co dac diem bao hanh. luu y khong ro. luu y mat phu kien. ho tro kiem tra. chat luong tot. co the giao dich truc tiep. co hoa don. hinh anh that,3.02,163,0.369,28,197,2,3,5071788,15.4392,120,90,1,3,0,0
thinkpad x1 day du phu kien khong ro,san pham thuoc nhom laptop. ten san pham thinkpad x1. co dac diem day du phu kien. luu y khong ro. co the giao dich truc tiep. mo ta chi tiet. nguon goc ro rang,4.12,149,0.049,36,160,1,2,7140571,15.7813,45,60,14,2,0,1
nikon d750 moi,san pham thuoc nhom camera. ten san pham nikon d750. co dac diem moi. co dac diem zin. co dac diem it dung. nguon goc ro rang. co hoa don,4.31,178,0.271,14,137,3,0,14479800,16.48827,240,45,4,0,0,1
beats studio buds moi,san pham thuoc nhom tai nghe. ten san pham beats studio buds. co dac diem moi. co dac diem bao hanh. chat luong tot. ngoai hinh dep. mo ta chi tiet. hinh anh that. thong tin trung thuc,1.41,203,0.063,21,184,4,1,852415,13.65583,30,30,4,1,0,1
airpods pro fullbox,san pham thuoc nhom tai nghe. ten san pham airpods pro. co dac diem fullbox. co dac diem chinh hang. chat luong tot. nguon goc ro rang. co the giao dich truc tiep,4.62,212,0.364,19,162,3,0,8272692,15.92847,30,60,1,1,0,1
seiko 5 bao hanh,san pham thuoc nhom dong ho. ten san pham seiko 5. co dac diem day du phu kien. co dac diem bao hanh. nguon goc ro rang. co hoa don. ngoai hinh dep,2.78,38,0.016,16,147,3,0,41602234,17.54366,120,30,20,2,0,1
fujifilm xt30,san pham thuoc nhom camera. ten san pham fujifilm xt30. da su dung on dinh. mo ta chi tiet. ngoai hinh dep,3.52,205,0.245,13,106,1,0,1360634,14.12346,90,120,11,3,0,1
casio gshock day du phu kien,san pham thuoc nhom dong ho. ten san pham casio gshock. co dac diem day du phu kien. co dac diem moi. co dac diem bao hanh. thong tin trung thuc. mo ta chi tiet. hinh anh that. da su dung on dinh,4.11,14,0.364,28,195,3,1,31704203,17.27196,120,45,18,1,0,1
iphone 14 pro it dung,san pham thuoc nhom dien thoai. ten san pham iphone 14 pro. co dac diem it dung. co dac diem chinh hang. ho tro kiem tra. nguon goc ro rang. ngoai hinh dep. co the giao dich truc tiep. co hoa don,2.27,188,0.314,21,195,3,0,39749087,17.4981,30,120,22,2,0,1
sony a6400 dep,san pham thuoc nhom camera. ten san pham sony a6400. co dac diem zin. co dac diem dep. chat luong tot. hinh anh that. co the giao dich truc tiep,1.22,154,0.098,14,144,3,0,35379361,17.38164,90,15,10,4,0,0
dell xps 13 nguyen seal,san pham thuoc nhom laptop. ten san pham dell xps 13. co dac diem nguyen seal. co dac diem chinh hang. luu y hong. co the giao dich truc tiep. ngoai hinh dep. ho tro kiem tra,4.84,95,0.317,23,174,3,1,44485433,17.61067,90,90,3,2,0,1
thinkpad x1 zin,san pham thuoc nhom laptop. ten san pham thinkpad x1. co dac diem cao cap. co dac diem zin. ngoai hinh dep. ho tro kiem tra. mo ta chi tiet,3.66,208,0.079,15,139,3,0,20640558,16.84277,180,120,9,1,0,1
oppo find x5 tot,san pham thuoc nhom dien thoai. ten san pham oppo find x5. co dac diem tot. luu y hong. luu y xuoc. thong tin trung thuc. co the giao dich truc tiep. chat luong tot,1.56,190,0.035,16,164,1,2,23324033,16.96499,60,30,20,0,0,0
beats studio buds,san pham thuoc nhom tai nghe. ten san pham beats studio buds. ho tro kiem tra. co hoa don,4.15,184,0.001,17,89,0,0,25949800,17.07167,90,120,13,1,0,1
seiko 5 zin,san pham thuoc nhom dong ho. ten san pham seiko 5. co dac diem zin. chat luong tot. co the giao dich truc tiep. hinh anh that,2.18,81,0.118,11,125,2,0,7077979,15.7725,30,45,5,3,0,0
oppo find x5 tot,san pham thuoc nhom dien thoai. ten san pham oppo find x5. co dac diem nguyen seal. co dac diem tot. co dac diem cao cap. luu y cu. luu y hong. thong tin trung thuc. da su dung on dinh. nguon goc ro rang,1.21,84,0.092,16,203,3,2,12799627,16.36493,90,120,17,5,1,0
nikon d750 chinh hang,san pham thuoc nhom camera. ten san pham nikon d750. co dac diem fullbox. co dac diem chinh hang. nguon goc ro rang. hinh anh that. ho tro kiem tra. ngoai hinh dep. mo ta chi tiet,1.35,210,0.298,21,179,3,0,40329782,17.5126,90,30,3,0,0,0
airpods pro zin,san pham thuoc nhom tai nghe. ten san pham airpods pro. co dac diem day du phu kien. co dac diem zin. co the giao dich truc tiep. ngoai hinh dep. da su dung on dinh. thong tin trung thuc,2.48,97,0.166,15,186,3,1,29965472,17.21556,30,45,14,3,0,0
airpods pro fullbox,san pham thuoc nhom tai nghe. ten san pham airpods pro. co dac diem fullbox. ngoai hinh dep. da su dung on dinh. mo ta chi tiet. co hoa don,1.24,99,0.368,19,139,2,0,28143922,17.15284,120,120,15,4,0,0
casio gshock khong ro,san pham thuoc nhom dong ho. ten san pham casio gshock. luu y khong ro. chat luong tot. nguon goc ro rang,4.8,42,0.437,21,105,1,2,12983628,16.3792,45,15,13,0,0,1
galaxy watch nguyen seal,san pham thuoc nhom dong ho. ten san pham galaxy watch. co dac diem tot. co dac diem moi. co dac diem nguyen seal. co the giao dich truc tiep. da su dung on dinh,3.23,141,0.147,24,161,3,0,18585523,16.73789,120,60,0,6,1,1
fujifilm xt30 tot,san pham thuoc nhom camera. ten san pham fujifilm xt30. co dac diem tot. thong tin trung thuc. co the giao dich truc tiep,4.14,222,0.241,17,121,1,1,23126669,16.9565,90,45,12,5,1,1
fujifilm xt30,san pham thuoc nhom camera. ten san pham fujifilm xt30. thong tin trung thuc. da su dung on dinh. hinh anh that,2.58,225,0.149,13,111,0,1,15993676,16.5877,30,120,15,2,0,1
samsung s23 moi,san pham thuoc nhom dien thoai. ten san pham samsung s23. co dac diem moi. co dac diem zin. co dac diem fullbox. co hoa don. chat luong tot. ho tro kiem tra,2.08,106,0.272,15,156,4,0,6041939,15.61424,45,60,6,6,1,1
casio gshock moi,san pham thuoc nhom dong ho. ten san pham casio gshock. co dac diem bao hanh. co dac diem fullbox. co dac diem moi. nguon goc ro rang. ngoai hinh dep. hinh anh that. co the giao dich truc tiep. da su dung on dinh,4.5,51,0.377,16,212,4,0,16793008,16.63647,30,60,1,2,0,1
galaxy buds cao cap,san pham thuoc nhom tai nghe. ten san pham galaxy buds. co dac diem cao cap. co dac diem fullbox. co dac diem chinh hang. chat luong tot. thong tin trung thuc. nguon goc ro rang. da su dung on dinh,2.9,141,0.157,19,197,4,1,11023212,16.21551,240,45,23,6,1,1
airpods pro tot,san pham thuoc nhom tai nghe. ten san pham airpods pro. co dac diem tot. mo ta chi tiet. thong tin trung thuc. co hoa don,3.61,131,0.009,15,121,1,1,45831649,17.64049,30,60,4,5,1,1
iphone 14 pro moi khong ro,san pham thuoc nhom dien thoai. ten san pham iphone 14 pro. co dac diem moi. luu y khong ro. chat luong tot. co hoa don. mo ta chi tiet. thong tin trung thuc,2.21,133,0.371,26,157,2,2,26702455,17.10027,120,15,0,4,0,0
galaxy buds fullbox,san pham thuoc nhom tai nghe. ten san pham galaxy buds. co dac diem fullbox. ho tro kiem tra. co hoa don. ngoai hinh dep. thong tin trung thuc,3.84,228,0.293,19,142,2,1,12690631,16.35637,45,90,7,0,0,1
fujifilm xt30 chinh hang,san pham thuoc nhom camera. ten san pham fujifilm xt30. co dac diem it dung. co dac diem chinh hang. co hoa don. da su dung on dinh. ngoai hinh dep. mo ta chi tiet,3.95,149,0.319,24,163,3,0,38439117,17.46459,240,30,10,5,1,1
fujifilm xt30 bao hanh,san pham thuoc nhom camera. ten san pham fujifilm xt30. co dac diem dep. co dac diem moi. co dac diem bao hanh. co hoa don. co the giao dich truc tiep. chat luong tot,1.51,66,0.326,22,166,4,0,37565979,17.44161,240,30,21,2,0,0
dell xps 13 day du phu kien khong bao hanh,san pham thuoc nhom laptop. ten san pham dell xps 13. co dac diem day du phu kien. luu y khong bao hanh. co the giao dich truc tiep. chat luong tot. hinh anh that. da su dung on dinh. ho tro kiem tra,3.33,241,0.279,42,199,3,2,31740126,17.27309,45,90,3,6,1,0
nikon d750 bao hanh xuoc,san pham thuoc nhom camera. ten san pham nikon d750. co dac diem bao hanh. luu y xuoc. ho tro kiem tra. nguon goc ro rang. co the giao dich truc tiep,2.95,161,0.444,24,149,1,1,21082862,16.86397,180,15,0,3,0,0
hp spectre bao hanh,san pham thuoc nhom laptop. ten san pham hp spectre. co dac diem fullbox. co dac diem bao hanh. da su dung on dinh. thong tin trung thuc. chat luong tot. mo ta chi tiet. hinh anh that,1.15,51,0.329,19,183,3,1,994699,13.8102,60,90,6,0,0,0
thinkpad x1 fullbox,san pham thuoc nhom laptop. ten san pham thinkpad x1. co dac diem bao hanh. co dac diem fullbox. nguon goc ro rang. co the giao dich truc tiep. hinh anh that. thong tin trung thuc,4.79,116,0.328,19,179,2,1,40071707,17.50618,120,45,13,5,1,1
beats studio buds day du phu kien,san pham thuoc nhom tai nghe. ten san pham beats studio buds. co dac diem day du phu kien. mo ta chi tiet. nguon goc ro rang. thong tin trung thuc,3.94,150,0.227,33,146,1,1,8315260,15.9336,60,120,20,6,1,1
airpods pro fullbox,san pham thuoc nhom tai nghe. ten san pham airpods pro. co dac diem fullbox. co dac diem cao cap. co the giao dich truc tiep. da su dung on dinh,2.78,31,0.246,19,144,2,0,31886199,17.27768,180,30,6,5,1,1
samsung s23 dep,san pham thuoc nhom dien thoai. ten san pham samsung s23. co dac diem dep. da su dung on dinh. co the giao dich truc tiep. ngoai hinh dep,2.13,200,0.048,15,137,1,0,13380951,16.40934,120,30,8,6,1,1
dell xps 13 dep,san pham thuoc nhom laptop. ten san pham dell xps 13. co dac diem chinh hang. co dac diem dep. chat luong tot. ho tro kiem tra. mo ta chi tiet,1.01,171,0.04,15,142,3,0,7460893,15.82519,240,90,21,3,0,0
oppo find x5,san pham thuoc nhom dien thoai. ten san pham oppo find x5. luu y mat phu kien. co hoa don. thong tin trung thuc. chat luong tot. hinh anh that. da su dung on dinh,4.25,223,0.018,12,162,1,2,19549633,16.78847,60,120,10,3,0,1
iphone 13,san pham thuoc nhom dien thoai. ten san pham iphone 13. ho tro kiem tra. thong tin trung thuc. chat luong tot,4.82,68,0.395,9,109,1,1,6287857,15.65413,60,45,5,0,0,0
casio gshock zin,san pham thuoc nhom dong ho. ten san pham casio gshock. co dac diem zin. co dac diem day du phu kien. co dac diem bao hanh. hinh anh that. nguon goc ro rang. co the giao dich truc tiep,2.66,151,0.217,16,184,3,0,38231147,17.45916,180,60,5,4,0,1
airpods pro it dung,san pham thuoc nhom tai nghe. ten san pham airpods pro. co dac diem it dung. co dac diem bao hanh. co dac diem zin. luu y cu. hinh anh that. co the giao dich truc tiep. co hoa don. ho tro kiem tra. nguon goc ro rang,1.05,222,0.305,19,215,3,1,49953749,17.72661,120,120,18,1,0,0
airpods pro zin khong bao hanh,san pham thuoc nhom tai nghe. ten san pham airpods pro. co dac diem zin. luu y khong bao hanh. nguon goc ro rang. ngoai hinh dep,4.4,218,0.223,30,128,3,2,11150066,16.22696,30,60,10,1,0,1
airpods pro day du phu kien,san pham thuoc nhom tai nghe. ten san pham airpods pro. co dac diem day du phu kien. co dac diem it dung. chat luong tot. thong tin trung thuc,4.21,114,0.04,27,142,3,1,33500825,17.32708,90,45,3,3,0,1
iphone 13 dep,san pham thuoc nhom dien thoai. ten san pham iphone 13. co dac diem dep. thong tin trung thuc. co hoa don,4.56,143,0.093,13,105,1,1,45111882,17.62466,90,45,11,6,1,1
asus tuf tot,san pham thuoc nhom laptop. ten san pham asus tuf. co dac diem tot. luu y cu. co the giao dich truc tiep. mo ta chi tiet,1.01,90,0.373,12,120,1,1,19644685,16.79332,120,90,11,5,1,0
asus tuf it dung can sua,san pham thuoc nhom laptop. ten san pham asus tuf. co dac diem it dung. luu y can sua. co the giao dich truc tiep. da su dung on dinh. mo ta chi tiet,2.83,200,0.086,24,149,1,1,22728336,16.93912,30,60,1,5,1,1
canon eos cao cap,san pham thuoc nhom camera. ten san pham canon eos. co dac diem cao cap. co dac diem tot. hinh anh that. ngoai hinh dep. thong tin trung thuc. co hoa don. mo ta chi tiet,4.36,123,0.416,17,169,3,1,11941854,16.29556,180,90,5,5,1,1
xiaomi 13 dep,san pham thuoc nhom dien thoai. ten san pham xiaomi 13. co dac diem nguyen seal. co dac diem dep. thong tin trung thuc. mo ta chi tiet. co hoa don. ngoai hinh dep. nguon goc ro rang,4.88,115,0.362,13,181,2,1,9323103,16.04801,90,90,22,5,1,1
nikon d750 like new,san pham thuoc nhom camera. ten san pham nikon d750. co dac diem cao cap. co dac diem like new. luu y vo. luu y khong ro. nguon goc ro rang. ngoai hinh dep. ho tro kiem tra,3.84,194,0.159,19,172,3,3,32287079,17.29018,120,90,21,5,1,1
nikon d750 chinh hang,san pham thuoc nhom camera. ten san pham nikon d750. co dac diem chinh hang. co dac diem dep. co dac diem fullbox. nguon goc ro rang. hinh anh that. ngoai hinh dep. co the giao dich truc tiep. thong tin trung thuc,4.0,41,0.443,21,213,3,1,45911548,17.64223,60,30,1,5,1,1
hp spectre,san pham thuoc nhom laptop. ten san pham hp spectre. luu y loi. ngoai hinh dep. da su dung on dinh. mo ta chi tiet,3.04,203,0.359,10,114,1,1,19353103,16.77836,180,120,1,3,0,0
airpods pro,san pham thuoc nhom tai nghe. ten san pham airpods pro. mo ta chi tiet. ho tro kiem tra. thong tin trung thuc. da su dung on dinh. ngoai hinh dep,4.86,75,0.202,11,145,1,1,45862460,17.64116,30,30,5,5,1,1
apple watch bao hanh,san pham thuoc nhom dong ho. ten san pham apple watch. co dac diem bao hanh. hinh anh that. ho tro kiem tra. chat luong tot. ngoai hinh dep,4.75,10,0.069,20,139,3,0,21701334,16.89288,120,15,20,4,0,1
beats studio buds fullbox,san pham thuoc nhom tai nghe. ten san pham beats studio buds. co dac diem fullbox. co dac diem nguyen seal. ngoai hinh dep. co the giao dich truc tiep. nguon goc ro rang,2.66,137,0.182,25,169,3,0,23498035,16.97243,45,30,21,2,0,1
sony wh-1000xm5 zin,san pham thuoc nhom tai nghe. ten san pham sony wh-1000xm5. co dac diem zin. co dac diem dep. co dac diem chinh hang. chat luong tot. mo ta chi tiet. ngoai hinh dep. hinh anh that,3.73,82,0.172,19,179,4,0,7658402,15.85131,90,45,17,5,1,1
nikon d750 chinh hang,san pham thuoc nhom camera. ten san pham nikon d750. co dac diem zin. co dac diem chinh hang. ho tro kiem tra. ngoai hinh dep. co the giao dich truc tiep,4.79,42,0.437,21,153,3,0,36152879,17.40327,120,15,20,0,0,1
asus tuf fullbox,san pham thuoc nhom laptop. ten san pham asus tuf. co dac diem it dung. co dac diem day du phu kien. co dac diem fullbox. hinh anh that. chat luong tot. ho tro kiem tra,1.15,18,0.024,16,168,4,0,16955259,16.64609,120,15,18,6,1,0
beats studio buds day du phu kien,san pham thuoc nhom tai nghe. ten san pham beats studio buds. co dac diem day du phu kien. da su dung on dinh. co the giao dich truc tiep,3.14,164,0.324,33,137,1,0,4293802,15.27268,240,120,18,0,0,1
samsung s23 cao cap,san pham thuoc nhom dien thoai. ten san pham samsung s23. co dac diem cao cap. co dac diem moi. co dac diem tot. chat luong tot. da su dung on dinh. ngoai hinh dep. thong tin trung thuc,3.64,121,0.07,19,185,4,1,14804939,16.51047,45,120,12,6,1,1
nikon d750 cao cap,san pham thuoc nhom camera. ten san pham nikon d750. co dac diem cao cap. co dac diem it dung. co dac diem nguyen seal. co the giao dich truc tiep. hinh anh that. ngoai hinh dep,3.29,100,0.242,18,177,4,0,5762766,15.56693,60,30,23,5,1,1
sony wh-1000xm5 dep,san pham thuoc nhom tai nghe. ten san pham sony wh-1000xm5. co dac diem dep. nguon goc ro rang. mo ta chi tiet. co hoa don,1.78,46,0.302,19,122,1,0,38120364,17.45626,240,15,17,3,0,0
samsung s23 tot,san pham thuoc nhom dien thoai. ten san pham samsung s23. co dac diem like new. co dac diem tot. ho tro kiem tra. nguon goc ro rang. mo ta chi tiet. hinh anh that,2.14,17,0.405,15,162,2,0,21376253,16.87779,90,60,10,4,0,0
sony a6400 nguyen seal,san pham thuoc nhom camera. ten san pham sony a6400. co dac diem nguyen seal. co dac diem day du phu kien. ho tro kiem tra. mo ta chi tiet,4.14,182,0.333,22,138,2,0,29317790,17.19371,60,45,4,5,1,1
seiko 5 zin test,san pham thuoc nhom dong ho. ten san pham seiko 5. co dac diem zin. luu y test. nguon goc ro rang. ngoai hinh dep. mo ta chi tiet. thong tin trung thuc,3.93,160,0.034,16,151,2,2,5110005,15.44671,30,90,20,0,0,1
fujifilm xt30 dep,san pham thuoc nhom camera. ten san pham fujifilm xt30. co dac diem chinh hang. co dac diem dep. nguon goc ro rang. ho tro kiem tra. da su dung on dinh. co the giao dich truc tiep. co hoa don,3.93,74,0.06,17,191,2,0,33679806,17.33241,120,15,12,2,0,1
hp spectre bao hanh,san pham thuoc nhom laptop. ten san pham hp spectre. co dac diem bao hanh. co dac diem zin. luu y xuoc. chat luong tot. ho tro kiem tra. hinh anh that,1.88,124,0.104,19,150,3,1,17790705,16.69419,60,30,1,5,1,0
beats studio buds it dung,san pham thuoc nhom tai nghe. ten san pham beats studio buds. co dac diem chinh hang. co dac diem it dung. ngoai hinh dep. co hoa don,4.34,67,0.26,25,133,3,0,38312800,17.46129,45,60,20,3,0,1
oppo find x5 like new,san pham thuoc nhom dien thoai. ten san pham oppo find x5. co dac diem like new. luu y test. luu y can sua. chat luong tot. thong tin trung thuc. hinh anh that. co hoa don,4.53,112,0.075,21,171,2,3,5223303,15.46864,120,120,8,1,0,0
dell xps 13 like new,san pham thuoc nhom laptop. ten san pham dell xps 13. co dac diem cao cap. co dac diem like new. luu y can sua. chat luong tot. thong tin trung thuc. mo ta chi tiet. co hoa don. co the giao dich truc tiep,3.59,105,0.01,20,204,3,2,2945367,14.89574,45,90,18,1,0,0
canon eos it dung,san pham thuoc nhom camera. ten san pham canon eos. co dac diem bao hanh. co dac diem moi. co dac diem it dung. thong tin trung thuc. hinh anh that. co hoa don. ngoai hinh dep. co the giao dich truc tiep,2.8,120,0.39,17,203,4,1,11496543,16.25756,45,60,19,1,0,1
hp spectre cao cap,san pham thuoc nhom laptop. ten san pham hp spectre. co dac diem it dung. co dac diem cao cap. thong tin trung thuc. co the giao dich truc tiep. mo ta chi tiet. chat luong tot. da su dung on dinh,1.53,4,0.091,18,195,3,1,33896994,17.33884,180,60,4,4,0,0
apple watch zin,san pham thuoc nhom dong ho. ten san pham apple watch. co dac diem fullbox. co dac diem it dung. co dac diem zin. thong tin trung thuc. ngoai hinh dep. hinh anh that,4.59,198,0.305,15,165,4,1,29007261,17.18306,120,60,11,6,1,1
fujifilm xt30 day du phu kien khong bao hanh,san pham thuoc nhom camera. ten san pham fujifilm xt30. co dac diem day du phu kien. luu y khong bao hanh. mo ta chi tiet. co the giao dich truc tiep. co hoa don. chat luong tot. da su dung on dinh,2.63,48,0.002,44,197,3,2,49955216,17.72664,240,15,18,4,0,0
xiaomi 13 day du phu kien,san pham thuoc nhom dien thoai. ten san pham xiaomi 13. co dac diem nguyen seal. co dac diem day du phu kien. nguon goc ro rang. da su dung on dinh,3.61,64,0.118,25,147,2,0,36027390,17.39979,90,90,11,4,0,1
galaxy watch zin,san pham thuoc nhom dong ho. ten san pham galaxy watch. co dac diem zin. luu y xuoc. co hoa don. thong tin trung thuc. ho tro kiem tra. da su dung on dinh. chat luong tot,2.59,35,0.385,16,170,2,2,44293723,17.60635,30,120,7,3,0,0
macbook air m1 nguyen seal,san pham thuoc nhom laptop. ten san pham macbook air m1. co dac diem nguyen seal. da su dung on dinh. hinh anh that. co the giao dich truc tiep,4.29,120,0.417,26,143,1,0,29267685,17.19199,30,15,8,1,0,1
canon eos tot,san pham thuoc nhom camera. ten san pham canon eos. co dac diem day du phu kien. co dac diem tot. luu y mo ta so sai. luu y test. nguon goc ro rang. chat luong tot,2.76,51,0.383,13,163,2,2,34822678,17.36578,60,30,1,6,1,0
sony a6400 nguyen seal,san pham thuoc nhom camera. ten san pham sony a6400. co dac diem nguyen seal. co dac diem like new. co the giao dich truc tiep. co hoa don. da su dung on dinh,2.41,101,0.182,22,158,2,0,13492602,16.41765,120,15,23,5,1,1
oppo find x5 tot,san pham thuoc nhom dien thoai. ten san pham oppo find x5. co dac diem tot. luu y khong bao hanh. mo ta chi tiet. thong tin trung thuc. chat luong tot. ngoai hinh dep,3.3,66,0.079,16,166,3,2,34023063,17.34255,30,90,2,4,0,0
oppo find x5 zin,san pham thuoc nhom dien thoai. ten san pham oppo find x5. co dac diem tot. co dac diem moi. co dac diem zin. luu y can sua. ho tro kiem tra. chat luong tot. ngoai hinh dep,4.59,220,0.012,16,172,4,1,7852633,15.87636,60,15,12,5,1,1
thinkpad x1 nguyen seal,san pham thuoc nhom laptop. ten san pham thinkpad x1. co dac diem nguyen seal. co dac diem dep. co dac diem cao cap. mo ta chi tiet. co hoa don. co the giao dich truc tiep. thong tin trung thuc,3.69,210,0.154,23,193,3,1,37265321,17.43357,45,60,10,2,0,1
nikon d750 like new cu,san pham thuoc nhom camera. ten san pham nikon d750. co dac diem like new. luu y cu. mo ta chi tiet. thong tin trung thuc. ngoai hinh dep. da su dung on dinh,2.0,158,0.16,22,157,2,2,7209797,15.79095,30,15,21,5,1,0
oppo find x5 it dung,san pham thuoc nhom dien thoai. ten san pham oppo find x5. co dac diem nguyen seal. co dac diem tot. co dac diem it dung. luu y cu. nguon goc ro rang. ngoai hinh dep. co hoa don. mo ta chi tiet. co the giao dich truc tiep,4.0,32,0.024,20,221,4,1,28448851,17.16362,90,90,1,4,0,1
asus tuf zin,san pham thuoc nhom laptop. ten san pham asus tuf. co dac diem zin. co dac diem nguyen seal. co dac diem chinh hang. da su dung on dinh. co the giao dich truc tiep. ho tro kiem tra,2.45,220,0.117,12,180,3,0,36863466,17.42273,60,30,8,3,0,1
galaxy buds day du phu kien,san pham thuoc nhom tai nghe. ten san pham galaxy buds. co dac diem day du phu kien. da su dung on dinh. co hoa don. chat luong tot. co the giao dich truc tiep,3.29,250,0.259,27,159,2,0,15388854,16.54915,240,15,23,2,0,1
fujifilm xt30 it dung,san pham thuoc nhom camera. ten san pham fujifilm xt30. co dac diem it dung. co dac diem bao hanh. co dac diem zin. da su dung on dinh. chat luong tot. nguon goc ro rang,4.98,217,0.284,21,169,4,0,35884964,17.39583,180,45,15,2,0,1
canon eos chinh hang,san pham thuoc nhom camera. ten san pham canon eos. co dac diem chinh hang. chat luong tot. co the giao dich truc tiep. thong tin trung thuc. ho tro kiem tra,2.34,92,0.162,20,157,2,1,37462620,17.43885,240,45,11,0,0,0
sony wh-1000xm5 bao hanh,san pham thuoc nhom tai nghe. ten san pham sony wh-1000xm5. co dac diem dep. co dac diem bao hanh. ho tro kiem tra. ngoai hinh dep. chat luong tot. da su dung on dinh,3.95,227,0.035,24,166,3,0,41232278,17.53473,60,60,20,1,0,1
beats studio buds fullbox,san pham thuoc nhom tai nghe. ten san pham beats studio buds. co dac diem fullbox. co dac diem it dung. mo ta chi tiet. ho tro kiem tra. ngoai hinh dep. chat luong tot,2.17,68,0.272,25,167,4,0,26588557,17.09599,60,60,11,5,1,1
seiko 5 bao hanh,san pham thuoc nhom dong ho. ten san pham seiko 5. co dac diem bao hanh. luu y khong ro. mo ta chi tiet. nguon goc ro rang,2.59,24,0.029,16,122,1,2,31804961,17.27513,120,15,0,6,1,0
iphone 13 cao cap,san pham thuoc nhom dien thoai. ten san pham iphone 13. co dac diem cao cap. mo ta chi tiet. thong tin trung thuc. co hoa don. ngoai hinh dep,3.51,33,0.237,17,141,2,1,11499308,16.2578,30,15,21,2,0,1
beats studio buds moi,san pham thuoc nhom tai nghe. ten san pham beats studio buds. co dac diem moi. co dac diem dep. luu y cu. thong tin trung thuc. chat luong tot. da su dung on dinh,3.09,163,0.24,21,162,3,2,23348070,16.96602,90,90,7,6,1,0
galaxy buds chinh hang,san pham thuoc nhom tai nghe. ten san pham galaxy buds. co dac diem chinh hang. ho tro kiem tra. co hoa don. chat luong tot,3.14,176,0.415,22,123,2,0,32065429,17.28329,60,15,13,6,1,1
macbook air m1 day du phu kien,san pham thuoc nhom laptop. ten san pham macbook air m1. co dac diem dep. co dac diem day du phu kien. nguon goc ro rang. da su dung on dinh. ngoai hinh dep,1.88,20,0.19,30,156,2,0,16126721,16.59599,120,90,22,5,1,0
nikon d750 bao hanh xuoc,san pham thuoc nhom camera. ten san pham nikon d750. co dac diem bao hanh. luu y xuoc. co hoa don. chat luong tot. mo ta chi tiet. nguon goc ro rang. hinh anh that,1.61,248,0.241,24,163,2,1,12528060,16.34348,30,45,8,1,0,0
iphone 14 pro,san pham thuoc nhom dien thoai. ten san pham iphone 14 pro. ho tro kiem tra. da su dung on dinh. co hoa don,4.14,127,0.449,13,107,0,0,31167337,17.25488,180,15,10,0,0,1
macbook air m1 dep,san pham thuoc nhom laptop. ten san pham macbook air m1. co dac diem dep. mo ta chi tiet. co hoa don. da su dung on dinh,4.31,31,0.439,18,120,1,0,48011532,17.68695,45,60,14,1,0,1
iphone 14 pro cao cap vo,san pham thuoc nhom dien thoai. ten san pham iphone 14 pro. co dac diem dep. co dac diem cao cap. luu y vo. nguon goc ro rang. hinh anh that. co the giao dich truc tiep. thong tin trung thuc,2.92,76,0.089,24,190,2,2,3545533,15.0812,240,120,6,0,0,0
casio gshock gap,san pham thuoc nhom dong ho. ten san pham casio gshock. luu y gap. hinh anh that. chat luong tot,3.75,39,0.167,16,96,1,1,6054894,15.61638,45,30,15,0,0,0
airpods pro,san pham thuoc nhom tai nghe. ten san pham airpods pro. nguon goc ro rang. chat luong tot,1.93,142,0.355,11,89,1,0,23358098,16.96645,240,60,23,1,0,0
casio gshock zin,san pham thuoc nhom dong ho. ten san pham casio gshock. co dac diem chinh hang. co dac diem zin. ngoai hinh dep. chat luong tot. mo ta chi tiet. co hoa don,1.75,89,0.146,16,155,4,0,31483437,17.26497,60,90,17,1,0,0
asus tuf nguyen seal,san pham thuoc nhom laptop. ten san pham asus tuf. co dac diem nguyen seal. ngoai hinh dep. da su dung on dinh,3.93,226,0.008,20,110,2,0,24482672,17.01348,240,90,7,2,0,1
fujifilm xt30 dep,san pham thuoc nhom camera. ten san pham fujifilm xt30. co dac diem dep. ho tro kiem tra. da su dung on dinh. thong tin trung thuc. hinh anh that,1.39,168,0.03,17,145,1,1,8759003,15.98559,45,15,6,0,0,0
iphone 13 zin test,san pham thuoc nhom dien thoai. ten san pham iphone 13. co dac diem cao cap. co dac diem zin. luu y test. hinh anh that. mo ta chi tiet,3.62,237,0.4,18,135,2,1,5415810,15.50483,90,120,1,2,0,1
casio gshock tot,san pham thuoc nhom dong ho. ten san pham casio gshock. co dac diem tot. co dac diem moi. co hoa don. co the giao dich truc tiep,4.78,245,0.234,16,128,2,0,6843102,15.73875,180,30,17,3,0,1
sony a6400 it dung,san pham thuoc nhom camera. ten san pham sony a6400. co dac diem dep. co dac diem it dung. luu y can sua. luu y loi. co the giao dich truc tiep. nguon goc ro rang. ngoai hinh dep. co hoa don. mo ta chi tiet,3.02,168,0.071,18,206,2,2,40309663,17.5121,90,45,10,4,0,1
galaxy buds it dung,san pham thuoc nhom tai nghe. ten san pham galaxy buds. co dac diem it dung. thong tin trung thuc. ngoai hinh dep. mo ta chi tiet,2.5,140,0.417,19,129,2,1,17101632,16.65468,60,60,14,3,0,0
samsung s23 chinh hang,san pham thuoc nhom dien thoai. ten san pham samsung s23. co dac diem moi. co dac diem chinh hang. mo ta chi tiet. ho tro kiem tra. hinh anh that,4.09,241,0.31,22,145,2,0,18569169,16.73701,120,90,17,4,0,1
macbook air m1,san pham thuoc nhom laptop. ten san pham macbook air m1. co hoa don. ho tro kiem tra. mo ta chi tiet,1.93,207,0.135,14,100,0,0,38334745,17.46187,90,90,6,5,1,0
beats studio buds it dung,san pham thuoc nhom tai nghe. ten san pham beats studio buds. co dac diem it dung. luu y khong ro. hinh anh that. da su dung on dinh. co the giao dich truc tiep. ngoai hinh dep,1.22,197,0.15,25,176,2,2,29195674,17.18953,90,15,7,5,1,0
canon eos chinh hang,san pham thuoc nhom camera. ten san pham canon eos. co dac diem chinh hang. co dac diem moi. ngoai hinh dep. nguon goc ro rang. ho tro kiem tra. co hoa don,3.79,39,0.023,20,155,3,0,49145406,17.71029,90,60,19,4,0,1
asus tuf bao hanh,san pham thuoc nhom laptop. ten san pham asus tuf. co dac diem bao hanh. chat luong tot. hinh anh that,3.19,67,0.038,17,102,2,0,33726779,17.3338,90,120,4,6,1,1
sony a6400 like new,san pham thuoc nhom camera. ten san pham sony a6400. co dac diem like new. co dac diem dep. co the giao dich truc tiep. co hoa don. da su dung on dinh,2.29,236,0.259,19,150,2,0,7601751,15.84389,180,60,13,2,0,1
galaxy buds bao hanh,san pham thuoc nhom tai nghe. ten san pham galaxy buds. co dac diem moi. co dac diem bao hanh. thong tin trung thuc. nguon goc ro rang. chat luong tot. hinh anh that. co the giao dich truc tiep,1.8,95,0.07,20,193,3,1,48937918,17.70606,240,15,3,5,1,0
sony a6400 nguyen seal,san pham thuoc nhom camera. ten san pham sony a6400. co dac diem chinh hang. co dac diem nguyen seal. co dac diem fullbox. luu y mat phu kien. mo ta chi tiet. ngoai hinh dep. thong tin trung thuc. co the giao dich truc tiep,3.19,192,0.116,22,223,4,2,32465348,17.29568,120,120,4,5,1,1
xiaomi 13 chinh hang,san pham thuoc nhom dien thoai. ten san pham xiaomi 13. co dac diem chinh hang. co dac diem moi. co hoa don. mo ta chi tiet,4.16,158,0.122,20,123,2,0,31252992,17.25763,180,15,2,3,0,1
airpods pro mo ta so sai,san pham thuoc nhom tai nghe. ten san pham airpods pro. luu y mo ta so sai. ho tro kiem tra. chat luong tot,4.47,136,0.04,24,107,1,1,13396288,16.41049,120,60,17,5,1,1
hp spectre it dung,san pham thuoc nhom laptop. ten san pham hp spectre. co dac diem it dung. ho tro kiem tra. thong tin trung thuc,2.42,77,0.106,18,111,1,1,33688416,17.33266,60,15,20,2,0,1
oppo find x5 nguyen seal,san pham thuoc nhom dien thoai. ten san pham oppo find x5. co dac diem nguyen seal. co dac diem day du phu kien. co dac diem bao hanh. ngoai hinh dep. mo ta chi tiet. da su dung on dinh. co the giao dich truc tiep. co hoa don,1.61,248,0.141,24,225,4,0,40675618,17.52114,60,60,17,1,0,1
hp spectre bao hanh khong ro,san pham thuoc nhom laptop. ten san pham hp spectre. co dac diem bao hanh. co dac diem moi. luu y khong ro. ho tro kiem tra. co the giao dich truc tiep. ngoai hinh dep,1.74,214,0.396,28,167,3,2,48843481,17.70413,30,45,13,3,0,0
sony wh-1000xm5 chinh hang,san pham thuoc nhom tai nghe. ten san pham sony wh-1000xm5. co dac diem bao hanh. co dac diem chinh hang. thong tin trung thuc. mo ta chi tiet. ngoai hinh dep,3.75,91,0.036,26,158,3,1,32034233,17.28232,45,90,19,3,0,1
sony wh-1000xm5 bao hanh,san pham thuoc nhom tai nghe. ten san pham sony wh-1000xm5. co dac diem bao hanh. co dac diem it dung. co dac diem like new. da su dung on dinh. hinh anh that,4.7,243,0.186,24,158,3,0,49869383,17.72492,180,30,6,0,0,1
seiko 5 like new,san pham thuoc nhom dong ho. ten san pham seiko 5. co dac diem like new. co dac diem day du phu kien. luu y can sua. ho tro kiem tra. da su dung on dinh. hinh anh that. co hoa don. chat luong tot,2.81,211,0.395,16,195,3,1,16540100,16.6213,120,90,12,5,1,0
apple watch moi,san pham thuoc nhom dong ho. ten san pham apple watch. co dac diem moi. nguon goc ro rang. da su dung on dinh. co hoa don. chat luong tot. hinh anh that,3.76,231,0.064,15,152,2,0,43409138,17.58618,90,15,23,4,0,1
sony a6400 chinh hang,san pham thuoc nhom camera. ten san pham sony a6400. co dac diem chinh hang. thong tin trung thuc. mo ta chi tiet. chat luong tot. hinh anh that. nguon goc ro rang,2.3,166,0.408,21,163,2,1,11055452,16.21843,180,120,3,0,0,0
casio gshock,san pham thuoc nhom dong ho. ten san pham casio gshock. luu y khong ro. da su dung on dinh. ngoai hinh dep. thong tin trung thuc,1.18,43,0.411,12,128,1,2,37999497,17.45308,240,120,4,1,0,0
macbook air m1 zin,san pham thuoc nhom laptop. ten san pham macbook air m1. co dac diem zin. co the giao dich truc tiep. nguon goc ro rang. mo ta chi tiet,1.01,195,0.114,18,135,1,0,30828987,17.24397,90,60,17,6,1,0
galaxy watch zin,san pham thuoc nhom dong ho. ten san pham galaxy watch. co dac diem zin. co the giao dich truc tiep. hinh anh that. mo ta chi tiet. co hoa don. nguon goc ro rang,3.48,142,0.369,16,161,1,0,13984323,16.45345,30,30,4,0,0,1
iphone 14 pro tot,san pham thuoc nhom dien thoai. ten san pham iphone 14 pro. co dac diem tot. co dac diem moi. co dac diem nguyen seal. co the giao dich truc tiep. da su dung on dinh,4.97,41,0.302,17,165,3,0,41059539,17.53053,180,120,22,4,0,1
sony a6400 chinh hang mat phu kien,san pham thuoc nhom camera. ten san pham sony a6400. co dac diem nguyen seal. co dac diem chinh hang. co dac diem fullbox. luu y mat phu kien. da su dung on dinh. ngoai hinh dep,1.26,120,0.061,34,177,4,1,46665121,17.65851,240,45,10,4,0,0
thinkpad x1 it dung,san pham thuoc nhom laptop. ten san pham thinkpad x1. co dac diem it dung. co dac diem cao cap. thong tin trung thuc. co hoa don. da su dung on dinh. ngoai hinh dep. nguon goc ro rang,2.04,147,0.448,19,183,3,1,23796695,16.98506,45,90,18,3,0,0
seiko 5 like new hong,san pham thuoc nhom dong ho. ten san pham seiko 5. co dac diem like new. co dac diem moi. co dac diem it dung. luu y hong. thong tin trung thuc. da su dung on dinh. ngoai hinh dep,1.18,89,0.252,21,179,4,1,42832138,17.5728,45,15,20,1,0,0
airpods pro nguyen seal,san pham thuoc nhom tai nghe. ten san pham airpods pro. co dac diem nguyen seal. ho tro kiem tra. thong tin trung thuc,2.58,145,0.277,23,118,1,1,2004034,14.51067,240,30,6,2,0,0
seiko 5 bao hanh,san pham thuoc nhom dong ho. ten san pham seiko 5. co dac diem zin. co dac diem bao hanh. chat luong tot. da su dung on dinh. hinh anh that. ngoai hinh dep,3.08,144,0.326,16,155,4,0,21223037,16.8706,120,90,0,1,0,1
galaxy buds,san pham thuoc nhom tai nghe. ten san pham galaxy buds. ho tro kiem tra. da su dung on dinh,3.51,215,0.075,11,91,0,0,40697106,17.52167,90,30,19,0,0,1
galaxy buds fullbox,san pham thuoc nhom tai nghe. ten san pham galaxy buds. co dac diem fullbox. co dac diem zin. chat luong tot. co hoa don. mo ta chi tiet. ngoai hinh dep,2.21,28,0.168,19,152,4,0,2559538,14.75534,240,30,2,3,0,1
galaxy watch it dung test,san pham thuoc nhom dong ho. ten san pham galaxy watch. co dac diem it dung. luu y test. luu y mat phu kien. mo ta chi tiet. hinh anh that. chat luong tot,2.55,221,0.235,25,154,2,2,325808,12.69407,60,15,21,6,1,0
samsung s23 cao cap,san pham thuoc nhom dien thoai. ten san pham samsung s23. co dac diem dep. co dac diem cao cap. thong tin trung thuc. co hoa don,3.56,53,0.144,19,128,2,1,12971519,16.37827,60,45,17,2,0,1
samsung s23 chinh hang,san pham thuoc nhom dien thoai. ten san pham samsung s23. co dac diem chinh hang. ngoai hinh dep. ho tro kiem tra. thong tin trung thuc,2.08,241,0.317,22,135,2,1,19059773,16.76309,120,30,5,0,0,0
beats studio buds,san pham thuoc nhom tai nghe. ten san pham beats studio buds. co the giao dich truc tiep. da su dung on dinh,1.22,109,0.176,17,108,0,0,47340112,17.67287,120,90,20,6,1,0
casio gshock it dung,san pham thuoc nhom dong ho. ten san pham casio gshock. co dac diem it dung. luu y mo ta so sai. thong tin trung thuc. nguon goc ro rang. co the giao dich truc tiep. da su dung on dinh. ho tro kiem tra,2.87,116,0.14,20,201,1,2,43296200,17.58358,180,60,15,1,0,0
hp spectre bao hanh,san pham thuoc nhom laptop. ten san pham hp spectre. co dac diem bao hanh. chat luong tot. thong tin trung thuc. hinh anh that. ngoai hinh dep,2.9,89,0.215,19,142,3,1,11512297,16.25893,60,45,19,4,0,1
xiaomi 13 fullbox,san pham thuoc nhom dien thoai. ten san pham xiaomi 13. co dac diem nguyen seal. co dac diem dep. co dac diem fullbox. luu y mat phu kien. mo ta chi tiet. thong tin trung thuc. nguon goc ro rang. ngoai hinh dep. da su dung on dinh,1.26,53,0.366,17,230,3,2,39709338,17.4971,90,60,18,6,1,0
thinkpad x1 tot,san pham thuoc nhom laptop. ten san pham thinkpad x1. co dac diem it dung. co dac diem tot. thong tin trung thuc. chat luong tot,2.3,24,0.37,15,128,2,1,11872837,16.28976,60,60,2,4,0,0
fujifilm xt30 chinh hang,san pham thuoc nhom camera. ten san pham fujifilm xt30. co dac diem chinh hang. nguon goc ro rang. hinh anh that. thong tin trung thuc,3.64,115,0.239,24,134,1,1,26221293,17.08208,120,90,14,1,0,0
galaxy buds day du phu kien,san pham thuoc nhom tai nghe. ten san pham galaxy buds. co dac diem moi. co dac diem day du phu kien. luu y khong ro. thong tin trung thuc. ngoai hinh dep,2.62,32,0.384,27,154,3,2,4238301,15.25967,60,90,1,0,0,0
airpods pro tot can sua,san pham thuoc nhom tai nghe. ten san pham airpods pro. co dac diem like new. co dac diem day du phu kien. co dac diem tot. luu y can sua. da su dung on dinh. thong tin trung thuc. mo ta chi tiet. ho tro kiem tra. co the giao dich truc tiep,2.9,48,0.25,23,240,3,2,24228510,17.00304,240,60,4,2,0,0
thinkpad x1,san pham thuoc nhom laptop. ten san pham thinkpad x1. chat luong tot. da su dung on dinh. nguon goc ro rang,1.34,164,0.363,11,107,1,0,30653564,17.23826,240,120,19,3,0,0
seiko 5 nguyen seal,san pham thuoc nhom dong ho. ten san pham seiko 5. co dac diem nguyen seal. co dac diem like new. thong tin trung thuc. hinh anh that. chat luong tot. da su dung on dinh. ho tro kiem tra,1.95,128,0.121,19,186,3,1,36702597,17.41836,120,45,1,0,0,0
airpods pro bao hanh,san pham thuoc nhom tai nghe. ten san pham airpods pro. co dac diem fullbox. co dac diem bao hanh. luu y khong ro. luu y test. ngoai hinh dep. co the giao dich truc tiep,1.98,161,0.334,20,169,3,3,44926847,17.62055,30,120,20,4,0,0
airpods pro cao cap,san pham thuoc nhom tai nghe. ten san pham airpods pro. co dac diem chinh hang. co dac diem zin. co dac diem cao cap. thong tin trung thuc. ho tro kiem tra. da su dung on dinh. nguon goc ro rang. chat luong tot,2.16,9,0.313,19,210,4,1,40156707,17.5083,180,45,23,6,1,0
xiaomi 13 cao cap,san pham thuoc nhom dien thoai. ten san pham xiaomi 13. co dac diem cao cap. co dac diem moi. chat luong tot. co the giao dich truc tiep. nguon goc ro rang. co hoa don,1.31,200,0.125,17,167,3,0,8944525,16.00655,120,45,8,6,1,1
oppo find x5 bao hanh,san pham thuoc nhom dien thoai. ten san pham oppo find x5. co dac diem bao hanh. nguon goc ro rang. co hoa don. mo ta chi tiet. chat luong tot,1.72,135,0.388,21,142,2,0,23058139,16.95353,30,30,19,6,1,0
seiko 5 zin,san pham thuoc nhom dong ho. ten san pham seiko 5. co dac diem zin. co dac diem cao cap. thong tin trung thuc. ho tro kiem tra. hinh anh that,3.57,193,0.369,11,141,2,1,3574772,15.08941,45,60,12,3,0,0
sony a6400 zin,san pham thuoc nhom camera. ten san pham sony a6400. co dac diem zin. luu y mat phu kien. hinh anh that. co hoa don. chat luong tot. mo ta chi tiet. ho tro kiem tra,2.26,135,0.307,14,164,2,1,2802645,14.84607,30,90,20,2,0,1
casio gshock fullbox,san pham thuoc nhom dong ho. ten san pham casio gshock. co dac diem fullbox. chat luong tot. mo ta chi tiet. ngoai hinh dep. co hoa don. nguon goc ro rang,3.71,46,0.141,20,154,3,0,759876,13.54091,180,15,2,0,0,1
canon eos moi,san pham thuoc nhom camera. ten san pham canon eos. co dac diem it dung. co dac diem moi. hinh anh that. thong tin trung thuc. co the giao dich truc tiep,1.23,152,0.295,13,153,2,1,14600860,16.49659,120,120,3,5,1,0
oppo find x5 cao cap,san pham thuoc nhom dien thoai. ten san pham oppo find x5. co dac diem cao cap. nguon goc ro rang. co hoa don,2.18,169,0.421,20,109,1,0,42917834,17.5748,90,45,13,5,1,1
galaxy buds chinh hang,san pham thuoc nhom tai nghe. ten san pham galaxy buds. co dac diem chinh hang. ho tro kiem tra. hinh anh that. co hoa don. da su dung on dinh. nguon goc ro rang,1.71,17,0.221,22,161,1,0,13516676,16.41943,120,60,5,5,1,0
hp spectre fullbox,san pham thuoc nhom laptop. ten san pham hp spectre. co dac diem cao cap. co dac diem fullbox. co the giao dich truc tiep. hinh anh that. thong tin trung thuc. ngoai hinh dep,3.29,64,0.35,18,174,3,1,1309283,14.08499,90,30,20,5,1,1
xiaomi 13 day du phu kien,san pham thuoc nhom dien thoai. ten san pham xiaomi 13. co dac diem day du phu kien. luu y gap. chat luong tot. da su dung on dinh. ngoai hinh dep. thong tin trung thuc. ho tro kiem tra,4.12,201,0.032,25,185,3,2,15206325,16.53722,30,60,22,6,1,1
oppo find x5 nguyen seal,san pham thuoc nhom dien thoai. ten san pham oppo find x5. co dac diem nguyen seal. co dac diem cao cap. luu y mat phu kien. luu y can sua. ho tro kiem tra. ngoai hinh dep,4.41,87,0.036,24,171,3,2,30895874,17.24613,240,45,20,1,0,1
xiaomi 13 fullbox,san pham thuoc nhom dien thoai. ten san pham xiaomi 13. co dac diem day du phu kien. co dac diem fullbox. co the giao dich truc tiep. chat luong tot. mo ta chi tiet. thong tin trung thuc. hinh anh that,1.77,184,0.448,17,201,3,1,16054466,16.5915,90,60,2,6,1,0
beats studio buds chinh hang hong,san pham thuoc nhom tai nghe. ten san pham beats studio buds. co dac diem zin. co dac diem chinh hang. luu y hong. co the giao dich truc tiep. mo ta chi tiet. chat luong tot. ho tro kiem tra. co hoa don,1.6,148,0.105,33,202,3,1,4884084,15.40149,30,120,4,3,0,0
apple watch chinh hang,san pham thuoc nhom dong ho. ten san pham apple watch. co dac diem chinh hang. co hoa don. co the giao dich truc tiep,2.82,43,0.376,22,117,1,0,4342122,15.28387,240,15,3,3,0,0
sony a6400,san pham thuoc nhom camera. ten san pham sony a6400. da su dung on dinh. ho tro kiem tra. co the giao dich truc tiep. ngoai hinh dep,3.3,35,0.145,10,132,1,0,14359746,16.47994,240,15,18,1,0,0
samsung s23 it dung,san pham thuoc nhom dien thoai. ten san pham samsung s23. co dac diem it dung. chat luong tot. mo ta chi tiet. hinh anh that,1.53,202,0.381,19,124,2,0,41150253,17.53274,90,30,0,3,0,0
iphone 14 pro moi,san pham thuoc nhom dien thoai. ten san pham iphone 14 pro. co dac diem tot. co dac diem moi. co dac diem day du phu kien. luu y khong ro. nguon goc ro rang. co hoa don. chat luong tot,2.65,240,0.079,17,184,3,2,46467427,17.65426,30,90,5,5,1,0
samsung s23 like new,san pham thuoc nhom dien thoai. ten san pham samsung s23. co dac diem like new. ngoai hinh dep. co the giao dich truc tiep,3.48,220,0.343,20,122,2,0,36270185,17.40651,120,30,14,6,1,1
dell xps 13,san pham thuoc nhom laptop. ten san pham dell xps 13. chat luong tot. thong tin trung thuc. nguon goc ro rang,1.64,236,0.019,11,109,1,1,43325878,17.58426,60,45,6,3,0,0
fujifilm xt30 test,san pham thuoc nhom camera. ten san pham fujifilm xt30. luu y test. ngoai hinh dep. co the giao dich truc tiep. thong tin trung thuc. chat luong tot. ho tro kiem tra,2.78,148,0.147,18,165,2,2,13387980,16.40987,180,120,10,1,0,0
sony wh-1000xm5 vo,san pham thuoc nhom tai nghe. ten san pham sony wh-1000xm5. luu y vo. chat luong tot. thong tin trung thuc,1.22,111,0.065,18,106,1,2,40948393,17.52782,90,30,12,2,0,0
dell xps 13 bao hanh,san pham thuoc nhom laptop. ten san pham dell xps 13. co dac diem bao hanh. co dac diem chinh hang. co dac diem tot. nguon goc ro rang. co the giao dich truc tiep. chat luong tot. mo ta chi tiet,2.67,194,0.155,20,194,3,0,19857953,16.80412,120,30,20,4,0,1
sony a6400,san pham thuoc nhom camera. ten san pham sony a6400. luu y cu. thong tin trung thuc. chat luong tot. ngoai hinh dep,2.12,186,0.193,10,115,2,2,16602681,16.62507,45,45,13,4,0,0
sony a6400 cao cap,san pham thuoc nhom camera. ten san pham sony a6400. co dac diem day du phu kien. co dac diem chinh hang. co dac diem cao cap. luu y cu. da su dung on dinh. ngoai hinh dep,2.58,207,0.359,18,171,4,1,6626615,15.7066,90,60,7,0,0,1
xiaomi 13 moi,san pham thuoc nhom dien thoai. ten san pham xiaomi 13. co dac diem moi. co dac diem like new. co dac diem fullbox. co hoa don. nguon goc ro rang. chat luong tot. da su dung on dinh. thong tin trung thuc,3.99,6,0.439,13,203,4,1,31172449,17.25505,240,30,22,3,0,0
beats studio buds fullbox,san pham thuoc nhom tai nghe. ten san pham beats studio buds. co dac diem cao cap. co dac diem fullbox. ngoai hinh dep. hinh anh that. co hoa don. mo ta chi tiet,4.01,178,0.426,25,161,3,0,36452203,17.41151,120,30,21,0,0,1
airpods pro chinh hang loi,san pham thuoc nhom tai nghe. ten san pham airpods pro. co dac diem nguyen seal. co dac diem chinh hang. luu y loi. ho tro kiem tra. nguon goc ro rang. co the giao dich truc tiep. co hoa don,3.84,52,0.062,26,190,2,1,22526750,16.93021,45,90,3,5,1,1
sony a6400 it dung mat phu kien,san pham thuoc nhom camera. ten san pham sony a6400. co dac diem nguyen seal. co dac diem it dung. luu y mat phu kien. ho tro kiem tra. chat luong tot. ngoai hinh dep. co hoa don,3.11,31,0.212,31,178,4,1,35745505,17.39194,180,90,9,3,0,1
iphone 14 pro day du phu kien,san pham thuoc nhom dien thoai. ten san pham iphone 14 pro. co dac diem fullbox. co dac diem day du phu kien. co dac diem bao hanh. co the giao dich truc tiep. nguon goc ro rang,2.1,178,0.067,29,177,3,0,10149754,16.13296,240,30,16,5,1,1
galaxy watch it dung,san pham thuoc nhom dong ho. ten san pham galaxy watch. co dac diem it dung. co dac diem cao cap. mo ta chi tiet. co the giao dich truc tiep. hinh anh that. da su dung on dinh,4.21,213,0.426,20,175,2,0,43313207,17.58397,60,60,18,2,0,1
beats studio buds zin,san pham thuoc nhom tai nghe. ten san pham beats studio buds. co dac diem dep. co dac diem zin. thong tin trung thuc. nguon goc ro rang. co hoa don. co the giao dich truc tiep,4.16,58,0.218,21,175,2,1,19387170,16.78012,240,15,4,2,0,1
hp spectre cao cap,san pham thuoc nhom laptop. ten san pham hp spectre. co dac diem moi. co dac diem bao hanh. co dac diem cao cap. luu y khong ro. nguon goc ro rang. mo ta chi tiet. co the giao dich truc tiep,1.16,81,0.259,18,190,3,2,29637535,17.20455,60,45,5,1,0,0
samsung s23 bao hanh,san pham thuoc nhom dien thoai. ten san pham samsung s23. co dac diem zin. co dac diem dep. co dac diem bao hanh. co the giao dich truc tiep. hinh anh that. da su dung on dinh. mo ta chi tiet,4.07,242,0.206,20,191,3,0,21539461,16.8854,45,15,23,4,0,1
galaxy buds tot,san pham thuoc nhom tai nghe. ten san pham galaxy buds. co dac diem tot. co dac diem cao cap. ho tro kiem tra. co the giao dich truc tiep. chat luong tot. hinh anh that. ngoai hinh dep,3.71,29,0.139,15,184,3,0,27002927,17.11146,120,30,14,2,0,1
oppo find x5 like new,san pham thuoc nhom dien thoai. ten san pham oppo find x5. co dac diem like new. co dac diem moi. co the giao dich truc tiep. ngoai hinh dep,4.4,173,0.302,21,140,3,0,5913766,15.59279,120,60,6,3,0,1
canon eos day du phu kien,san pham thuoc nhom camera. ten san pham canon eos. co dac diem bao hanh. co dac diem day du phu kien. co dac diem nguyen seal. hinh anh that. co hoa don. ho tro kiem tra. nguon goc ro rang,2.23,114,0.393,25,189,3,0,5928644,15.59531,45,120,14,5,1,1
casio gshock day du phu kien khong ro,san pham thuoc nhom dong ho. ten san pham casio gshock. co dac diem day du phu kien. luu y khong ro. mo ta chi tiet. co hoa don. chat luong tot,4.95,134,0.444,37,143,2,2,4486954,15.31668,120,60,2,0,0,1
beats studio buds tot,san pham thuoc nhom tai nghe. ten san pham beats studio buds. co dac diem tot. nguon goc ro rang. da su dung on dinh. co hoa don,3.22,10,0.37,21,128,1,0,20316400,16.82694,240,90,9,3,0,0
galaxy watch,san pham thuoc nhom dong ho. ten san pham galaxy watch. co hoa don. chat luong tot. co the giao dich truc tiep. ho tro kiem tra,3.66,73,0.188,12,127,1,0,33059944,17.31383,180,120,7,0,0,0
beats studio buds nguyen seal,san pham thuoc nhom tai nghe. ten san pham beats studio buds. co dac diem it dung. co dac diem nguyen seal. co dac diem tot. co hoa don. chat luong tot. co the giao dich truc tiep. nguon goc ro rang. thong tin trung thuc,3.93,4,0.38,29,220,3,1,10978492,16.21145,120,15,4,2,0,1
dell xps 13 day du phu kien,san pham thuoc nhom laptop. ten san pham dell xps 13. co dac diem day du phu kien. co hoa don. thong tin trung thuc,3.12,239,0.035,27,115,1,1,13056693,16.38481,240,120,5,6,1,1
hp spectre cao cap,san pham thuoc nhom laptop. ten san pham hp spectre. co dac diem cao cap. ho tro kiem tra. co the giao dich truc tiep. thong tin trung thuc. da su dung on dinh,1.57,35,0.233,18,159,1,1,25082558,17.03768,240,60,13,2,0,0
macbook air m1 like new,san pham thuoc nhom laptop. ten san pham macbook air m1. co dac diem like new. chat luong tot. co the giao dich truc tiep. ngoai hinh dep. da su dung on dinh. thong tin trung thuc,4.69,122,0.157,23,179,3,1,46425627,17.65336,60,30,14,4,0,1
sony wh-1000xm5 fullbox,san pham thuoc nhom tai nghe. ten san pham sony wh-1000xm5. co dac diem fullbox. co dac diem like new. mo ta chi tiet. co hoa don. nguon goc ro rang,1.84,20,0.191,23,148,2,0,7547549,15.83673,30,15,15,6,1,0
macbook air m1,san pham thuoc nhom laptop. ten san pham macbook air m1. chat luong tot. co the giao dich truc tiep,4.63,11,0.03,14,99,1,0,44850966,17.61886,30,15,3,4,0,0
thinkpad x1 moi,san pham thuoc nhom laptop. ten san pham thinkpad x1. co dac diem bao hanh. co dac diem moi. nguon goc ro rang. ngoai hinh dep. mo ta chi tiet. co hoa don,3.28,25,0.369,15,154,3,0,988471,13.80392,120,30,22,1,0,1
hp spectre,san pham thuoc nhom laptop. ten san pham hp spectre. luu y vo. ho tro kiem tra. nguon goc ro rang. chat luong tot. thong tin trung thuc. hinh anh that,1.72,90,0.442,10,150,1,2,28510322,17.16578,45,90,7,3,0,0
airpods pro nguyen seal,san pham thuoc nhom tai nghe. ten san pham airpods pro. co dac diem zin. co dac diem nguyen seal. co the giao dich truc tiep. ho tro kiem tra,2.97,98,0.128,23,141,2,0,40341457,17.51289,180,45,21,6,1,1
fujifilm xt30 like new,san pham thuoc nhom camera. ten san pham fujifilm xt30. co dac diem like new. luu y loi. nguon goc ro rang. hinh anh that. chat luong tot. ho tro kiem tra,1.42,112,0.235,22,154,2,1,45450399,17.63213,30,15,4,3,0,0
canon eos bao hanh khong bao hanh,san pham thuoc nhom camera. ten san pham canon eos. co dac diem bao hanh. co dac diem fullbox. luu y khong bao hanh. mo ta chi tiet. da su dung on dinh,3.9,71,0.344,33,151,2,2,39101897,17.48168,120,45,20,3,0,0
fujifilm xt30 bao hanh,san pham thuoc nhom camera. ten san pham fujifilm xt30. co dac diem bao hanh. co dac diem zin. co dac diem fullbox. chat luong tot. thong tin trung thuc. mo ta chi tiet. ho tro kiem tra,4.77,7,0.045,22,185,4,1,3596865,15.09557,240,15,15,5,1,1
asus tuf moi,san pham thuoc nhom laptop. ten san pham asus tuf. co dac diem moi. co dac diem tot. ngoai hinh dep. chat luong tot,4.17,51,0.132,12,115,3,0,33463439,17.32596,90,90,8,4,0,1
canon eos fullbox,san pham thuoc nhom camera. ten san pham canon eos. co dac diem day du phu kien. co dac diem fullbox. co dac diem it dung. da su dung on dinh. chat luong tot. ngoai hinh dep. hinh anh that,1.13,142,0.297,17,188,5,0,20386976,16.83041,180,30,15,3,0,0
seiko 5 cao cap,san pham thuoc nhom dong ho. ten san pham seiko 5. co dac diem zin. co dac diem cao cap. ngoai hinh dep. nguon goc ro rang. hinh anh that. mo ta chi tiet. thong tin trung thuc,2.98,248,0.17,15,175,3,1,45448326,17.63209,60,45,10,0,0,1
iphone 14 pro chinh hang,san pham thuoc nhom dien thoai. ten san pham iphone 14 pro. co dac diem it dung. co dac diem tot. co dac diem chinh hang. da su dung on dinh. co the giao dich truc tiep. thong tin trung thuc. nguon goc ro rang,4.97,105,0.158,24,209,3,1,44425065,17.60931,45,30,7,5,1,1
iphone 13 chinh hang,san pham thuoc nhom dien thoai. ten san pham iphone 13. co dac diem bao hanh. co dac diem chinh hang. co dac diem dep. chat luong tot. da su dung on dinh,3.27,230,0.19,20,153,4,0,1419173,14.16559,180,60,18,0,0,1
seiko 5 zin,san pham thuoc nhom dong ho. ten san pham seiko 5. co dac diem zin. ho tro kiem tra. chat luong tot. thong tin trung thuc,1.67,76,0.164,11,121,2,1,29308869,17.1934,45,60,20,6,1,0
oppo find x5 moi,san pham thuoc nhom dien thoai. ten san pham oppo find x5. co dac diem moi. thong tin trung thuc. co the giao dich truc tiep. ngoai hinh dep,3.37,69,0.03,16,140,2,1,35689078,17.39036,90,60,6,2,0,1
galaxy buds like new,san pham thuoc nhom tai nghe. ten san pham galaxy buds. co dac diem like new. co hoa don. ngoai hinh dep. chat luong tot. ho tro kiem tra. thong tin trung thuc,1.72,4,0.283,20,159,3,1,34693213,17.36205,240,30,18,3,0,0
casio gshock it dung,san pham thuoc nhom dong ho. ten san pham casio gshock. co dac diem tot. co dac diem day du phu kien. co dac diem it dung. ngoai hinh dep. mo ta chi tiet,2.46,37,0.108,20,153,4,0,46040149,17.64502,240,45,13,3,0,1
iphone 14 pro cao cap,san pham thuoc nhom dien thoai. ten san pham iphone 14 pro. co dac diem moi. co dac diem cao cap. co dac diem bao hanh. da su dung on dinh. mo ta chi tiet. co the giao dich truc tiep,1.6,7,0.111,21,182,3,0,20890024,16.85478,90,60,17,3,0,0
iphone 14 pro moi,san pham thuoc nhom dien thoai. ten san pham iphone 14 pro. co dac diem moi. hinh anh that. chat luong tot. thong tin trung thuc,1.22,229,0.038,17,128,2,1,40422675,17.5149,60,15,13,2,0,0
xiaomi 13 fullbox,san pham thuoc nhom dien thoai. ten san pham xiaomi 13. co dac diem bao hanh. co dac diem like new. co dac diem fullbox. luu y gap. ngoai hinh dep. thong tin trung thuc,2.01,226,0.041,17,168,4,2,40303327,17.51194,30,45,10,6,1,0
galaxy watch bao hanh,san pham thuoc nhom dong ho. ten san pham galaxy watch. co dac diem fullbox. co dac diem bao hanh. co dac diem like new. da su dung on dinh. co hoa don. hinh anh that. mo ta chi tiet. ngoai hinh dep,2.5,242,0.051,21,198,4,0,36674329,17.41759,90,60,21,1,0,1
dell xps 13 moi,san pham thuoc nhom laptop. ten san pham dell xps 13. co dac diem moi. co dac diem chinh hang. mo ta chi tiet. co hoa don,3.21,79,0.288,15,121,2,0,47067597,17.6671,60,120,3,4,0,1
seiko 5 mat phu kien,san pham thuoc nhom dong ho. ten san pham seiko 5. luu y mat phu kien. luu y khong ro. mo ta chi tiet. nguon goc ro rang. chat luong tot. ho tro kiem tra,2.27,207,0.345,20,153,1,3,27315580,17.12297,240,15,8,6,1,0
seiko 5 day du phu kien,san pham thuoc nhom dong ho. ten san pham seiko 5. co dac diem nguyen seal. co dac diem day du phu kien. luu y loi. luu y xuoc. da su dung on dinh. ngoai hinh dep. ho tro kiem tra. mo ta chi tiet,3.78,195,0.023,23,195,3,2,43106544,17.57919,45,120,14,6,1,1
xiaomi 13 tot,san pham thuoc nhom dien thoai. ten san pham xiaomi 13. co dac diem tot. nguon goc ro rang. mo ta chi tiet,3.07,248,0.345,13,106,1,0,43615770,17.59093,240,30,19,5,1,1
beats studio buds bao hanh,san pham thuoc nhom tai nghe. ten san pham beats studio buds. co dac diem moi. co dac diem bao hanh. luu y mo ta so sai. co the giao dich truc tiep. da su dung on dinh. ho tro kiem tra,1.73,224,0.17,26,184,2,1,38328262,17.4617,45,15,0,4,0,0
macbook air m1 bao hanh,san pham thuoc nhom laptop. ten san pham macbook air m1. co dac diem it dung. co dac diem bao hanh. co dac diem chinh hang. thong tin trung thuc. co hoa don. nguon goc ro rang. hinh anh that. chat luong tot,1.68,145,0.053,23,206,4,1,48273317,17.69239,120,60,14,6,1,1
iphone 14 pro it dung,san pham thuoc nhom dien thoai. ten san pham iphone 14 pro. co dac diem moi. co dac diem it dung. nguon goc ro rang. da su dung on dinh. mo ta chi tiet. co hoa don. co the giao dich truc tiep,4.98,72,0.327,21,191,2,0,12757947,16.36167,90,30,13,6,1,1
galaxy buds like new,san pham thuoc nhom tai nghe. ten san pham galaxy buds. co dac diem like new. co the giao dich truc tiep. hinh anh that. chat luong tot. thong tin trung thuc. nguon goc ro rang,4.9,101,0.309,20,176,2,1,47921165,17.68507,90,120,13,5,1,1
iphone 13 zin,san pham thuoc nhom dien thoai. ten san pham iphone 13. co dac diem like new. co dac diem zin. hinh anh that. co hoa don,3.02,97,0.136,13,120,2,0,26537654,17.09408,180,45,4,4,0,1
dell xps 13 nguyen seal,san pham thuoc nhom laptop. ten san pham dell xps 13. co dac diem nguyen seal. co the giao dich truc tiep. ho tro kiem tra. da su dung on dinh,1.57,29,0.141,23,142,1,0,8631310,15.97091,90,45,23,2,0,1
galaxy buds dep,san pham thuoc nhom tai nghe. ten san pham galaxy buds. co dac diem moi. co dac diem dep. luu y khong bao hanh. chat luong tot. nguon goc ro rang. thong tin trung thuc. hinh anh that,1.76,13,0.103,15,182,4,2,2456674,14.71432,90,45,5,5,1,0
xiaomi 13,san pham thuoc nhom dien thoai. ten san pham xiaomi 13. chat luong tot. thong tin trung thuc. co the giao dich truc tiep. da su dung on dinh. ho tro kiem tra,4.47,31,0.157,9,157,1,1,13722337,16.43454,240,45,5,6,1,0
nikon d750 like new,san pham thuoc nhom camera. ten san pham nikon d750. co dac diem like new. co dac diem tot. da su dung on dinh. co the giao dich truc tiep. mo ta chi tiet,4.07,173,0.042,19,154,2,0,22105850,16.91135,30,45,21,5,1,1
airpods pro zin,san pham thuoc nhom tai nghe. ten san pham airpods pro. co dac diem fullbox. co dac diem zin. co dac diem cao cap. thong tin trung thuc. hinh anh that. ho tro kiem tra. ngoai hinh dep,3.62,243,0.204,15,183,4,1,49143168,17.71025,180,90,4,1,0,1
galaxy buds dep can sua,san pham thuoc nhom tai nghe. ten san pham galaxy buds. co dac diem dep. co dac diem tot. luu y can sua. da su dung on dinh. co the giao dich truc tiep. hinh anh that,4.41,41,0.175,23,166,2,1,27054354,17.11336,60,120,20,1,0,1
seiko 5 cao cap,san pham thuoc nhom dong ho. ten san pham seiko 5. co dac diem cao cap. co dac diem tot. luu y xuoc. luu y khong bao hanh. chat luong tot. thong tin trung thuc. da su dung on dinh,2.91,144,0.27,15,179,3,3,6104719,15.62457,240,60,11,4,0,0
apple watch,san pham thuoc nhom dong ho. ten san pham apple watch. mo ta chi tiet. nguon goc ro rang. chat luong tot. co hoa don. ho tro kiem tra,3.59,21,0.131,11,133,1,0,29400432,17.19652,30,60,9,1,0,1
sony wh-1000xm5 chinh hang,san pham thuoc nhom tai nghe. ten san pham sony wh-1000xm5. co dac diem chinh hang. co dac diem dep. ngoai hinh dep. co the giao dich truc tiep,3.04,105,0.043,26,143,2,0,44399245,17.60873,180,90,8,2,0,1
oppo find x5 cu,san pham thuoc nhom dien thoai. ten san pham oppo find x5. luu y cu. hinh anh that. co the giao dich truc tiep. da su dung on dinh. ho tro kiem tra. nguon goc ro rang,2.26,185,0.205,15,166,0,1,45030378,17.62285,90,90,8,2,0,0
thinkpad x1 tot mat phu kien,san pham thuoc nhom laptop. ten san pham thinkpad x1. co dac diem tot. luu y mat phu kien. da su dung on dinh. co the giao dich truc tiep,1.05,167,0.215,28,137,1,1,46476330,17.65445,90,120,23,4,0,0
galaxy buds cao cap mat phu kien,san pham thuoc nhom tai nghe. ten san pham galaxy buds. co dac diem cao cap. co dac diem day du phu kien. luu y mat phu kien. luu y loi. hinh anh that. mo ta chi tiet,4.44,53,0.217,32,166,2,2,9791132,16.09699,180,30,13,6,1,1
sony a6400,san pham thuoc nhom camera. ten san pham sony a6400. luu y xuoc. co the giao dich truc tiep. nguon goc ro rang,4.61,189,0.316,10,110,0,1,32600942,17.29985,90,15,14,4,0,0
beats studio buds,san pham thuoc nhom tai nghe. ten san pham beats studio buds. da su dung on dinh. chat luong tot. co hoa don. hinh anh that. mo ta chi tiet,2.6,131,0.266,17,139,1,0,41086754,17.5312,180,60,7,5,1,0
xiaomi 13 cao cap,san pham thuoc nhom dien thoai. ten san pham xiaomi 13. co dac diem moi. co dac diem cao cap. co the giao dich truc tiep. chat luong tot. ho tro kiem tra. mo ta chi tiet. ngoai hinh dep,2.74,41,0.13,17,185,4,0,12948410,16.37648,90,45,14,1,0,1
nikon d750 cao cap,san pham thuoc nhom camera. ten san pham nikon d750. co dac diem it dung. co dac diem cao cap. co dac diem zin. luu y xuoc. da su dung on dinh. ho tro kiem tra. chat luong tot. thong tin trung thuc. co the giao dich truc tiep,3.49,72,0.311,18,225,4,2,5834240,15.57925,180,60,4,1,0,0
fujifilm xt30 zin,san pham thuoc nhom camera. ten san pham fujifilm xt30. co dac diem zin. mo ta chi tiet. ngoai hinh dep. hinh anh that,5.0,91,0.396,17,118,2,0,24010808,16.99401,180,30,5,6,1,1
canon eos fullbox,san pham thuoc nhom camera. ten san pham canon eos. co dac diem fullbox. co dac diem tot. co dac diem like new. chat luong tot. co hoa don. ho tro kiem tra,4.14,196,0.021,17,155,3,0,37431137,17.43801,60,30,22,6,1,1
iphone 13 cao cap,san pham thuoc nhom dien thoai. ten san pham iphone 13. co dac diem zin. co dac diem fullbox. co dac diem cao cap. ngoai hinh dep. hinh anh that,3.03,42,0.283,17,144,4,0,13833236,16.44258,60,30,23,2,0,1
fujifilm xt30 nguyen seal,san pham thuoc nhom camera. ten san pham fujifilm xt30. co dac diem cao cap. co dac diem nguyen seal. co the giao dich truc tiep. mo ta chi tiet. chat luong tot,4.88,196,0.346,25,160,3,0,16512882,16.61965,240,60,10,2,0,1
samsung s23 nguyen seal mo ta so sai,san pham thuoc nhom dien thoai. ten san pham samsung s23. co dac diem nguyen seal. luu y mo ta so sai. nguon goc ro rang. da su dung on dinh. ngoai hinh dep,4.67,229,0.206,36,156,2,1,34688595,17.36192,240,120,11,0,0,1
oppo find x5 day du phu kien,san pham thuoc nhom dien thoai. ten san pham oppo find x5. co dac diem nguyen seal. co dac diem day du phu kien. co dac diem bao hanh. da su dung on dinh. hinh anh that,3.64,164,0.068,28,168,3,0,38607885,17.46897,30,120,22,6,1,1
nikon d750 it dung,san pham thuoc nhom camera. ten san pham nikon d750. co dac diem it dung. luu y test. ho tro kiem tra. hinh anh that. co hoa don. chat luong tot,3.44,37,0.315,18,144,2,1,29993240,17.21648,180,30,17,4,0,0
casio gshock day du phu kien,san pham thuoc nhom dong ho. ten san pham casio gshock. co dac diem day du phu kien. co dac diem like new. co dac diem moi. luu y loi. nguon goc ro rang. ngoai hinh dep. co hoa don. co the giao dich truc tiep. hinh anh that,3.05,79,0.235,28,223,4,1,42710132,17.56995,45,15,0,6,1,1
sony wh-1000xm5 fullbox,san pham thuoc nhom tai nghe. ten san pham sony wh-1000xm5. co dac diem day du phu kien. co dac diem dep. co dac diem fullbox. ho tro kiem tra. co hoa don,3.51,90,0.056,23,154,3,0,43735348,17.59367,30,60,9,4,0,1
casio gshock tot gap,san pham thuoc nhom dong ho. ten san pham casio gshock. co dac diem tot. co dac diem it dung. co dac diem dep. luu y gap. da su dung on dinh. ngoai hinh dep. mo ta chi tiet,1.42,132,0.262,20,172,3,1,24294253,17.00575,90,15,4,5,1,0
apple watch,san pham thuoc nhom dong ho. ten san pham apple watch. chat luong tot. mo ta chi tiet. thong tin trung thuc,1.31,173,0.237,11,107,1,1,39526081,17.49247,120,90,12,6,1,0
seiko 5 zin,san pham thuoc nhom dong ho. ten san pham seiko 5. co dac diem zin. co dac diem day du phu kien. co dac diem bao hanh. chat luong tot. thong tin trung thuc. nguon goc ro rang,4.87,131,0.388,11,174,4,1,7972748,15.89154,180,30,14,3,0,1
hp spectre tot loi,san pham thuoc nhom laptop. ten san pham hp spectre. co dac diem tot. luu y can sua. luu y loi. ngoai hinh dep. nguon goc ro rang,1.47,78,0.446,18,129,2,2,20401439,16.83112,60,60,0,6,1,0
fujifilm xt30 mat phu kien,san pham thuoc nhom camera. ten san pham fujifilm xt30. luu y mat phu kien. co the giao dich truc tiep. ngoai hinh dep,2.39,222,0.02,26,118,1,1,32341203,17.29185,120,45,18,3,0,1
seiko 5 it dung,san pham thuoc nhom dong ho. ten san pham seiko 5. co dac diem bao hanh. co dac diem it dung. co dac diem dep. luu y mo ta so sai. nguon goc ro rang. ho tro kiem tra. co the giao dich truc tiep. da su dung on dinh. co hoa don,3.66,104,0.174,15,225,3,1,26584652,17.09584,60,90,1,5,1,1
airpods pro moi test,san pham thuoc nhom tai nghe. ten san pham airpods pro. co dac diem tot. co dac diem cao cap. co dac diem moi. luu y test. thong tin trung thuc. ngoai hinh dep. hinh anh that,4.83,133,0.085,20,174,4,2,31982792,17.28071,120,15,3,5,1,1
macbook air m1 it dung,san pham thuoc nhom laptop. ten san pham macbook air m1. co dac diem it dung. ngoai hinh dep. ho tro kiem tra,2.61,11,0.221,22,109,2,0,1611170,14.29247,60,60,5,3,0,0
nikon d750 fullbox,san pham thuoc nhom camera. ten san pham nikon d750. co dac diem fullbox. nguon goc ro rang. thong tin trung thuc. co hoa don. da su dung on dinh,1.36,78,0.428,18,145,1,1,45590650,17.63521,45,15,19,2,0,0
samsung s23 day du phu kien,san pham thuoc nhom dien thoai. ten san pham samsung s23. co dac diem day du phu kien. da su dung on dinh. co the giao dich truc tiep. hinh anh that. ngoai hinh dep,1.96,152,0.264,27,164,2,0,33133290,17.31605,120,90,12,0,0,0
beats studio buds chinh hang,san pham thuoc nhom tai nghe. ten san pham beats studio buds. co dac diem chinh hang. co dac diem day du phu kien. co hoa don. ngoai hinh dep,4.85,172,0.046,28,141,3,0,37275786,17.43385,180,30,9,4,0,1
oppo find x5 nguyen seal,san pham thuoc nhom dien thoai. ten san pham oppo find x5. co dac diem nguyen seal. luu y test. luu y xuoc. ngoai hinh dep. chat luong tot. hinh anh that. thong tin trung thuc. mo ta chi tiet,4.84,158,0.13,24,191,3,3,11282794,16.23879,30,15,15,2,0,1
casio gshock dep,san pham thuoc nhom dong ho. ten san pham casio gshock. co dac diem dep. co dac diem moi. co dac diem chinh hang. co hoa don. co the giao dich truc tiep,2.58,31,0.374,16,152,3,0,48708877,17.70137,120,45,13,1,0,1
galaxy buds zin vo,san pham thuoc nhom tai nghe. ten san pham galaxy buds. co dac diem it dung. co dac diem zin. luu y mat phu kien. luu y vo. hinh anh that. nguon goc ro rang. thong tin trung thuc. co hoa don,2.91,230,0.004,18,190,2,3,11695805,16.27474,90,90,22,5,1,0
apple watch fullbox,san pham thuoc nhom dong ho. ten san pham apple watch. co dac diem fullbox. co dac diem dep. co the giao dich truc tiep. ho tro kiem tra. da su dung on dinh. chat luong tot. co hoa don,2.43,45,0.378,19,184,3,0,46826900,17.66197,30,15,14,2,0,1
apple watch moi,san pham thuoc nhom dong ho. ten san pham apple watch. co dac diem moi. co the giao dich truc tiep. co hoa don. mo ta chi tiet,1.94,126,0.435,15,126,1,0,2519340,14.73951,60,60,22,5,1,1
iphone 14 pro tot,san pham thuoc nhom dien thoai. ten san pham iphone 14 pro. co dac diem fullbox. co dac diem moi. co dac diem tot. nguon goc ro rang. ngoai hinh dep. mo ta chi tiet. ho tro kiem tra. da su dung on dinh,3.26,174,0.271,17,201,4,0,11829541,16.28611,30,90,4,5,1,1
sony wh-1000xm5 chinh hang,san pham thuoc nhom tai nghe. ten san pham sony wh-1000xm5. co dac diem moi. co dac diem like new. co dac diem chinh hang. luu y khong ro. ngoai hinh dep. chat luong tot. hinh anh that. mo ta chi tiet,3.56,241,0.293,26,200,5,2,21726113,16.89403,90,60,8,0,0,1
seiko 5 it dung vo,san pham thuoc nhom dong ho. ten san pham seiko 5. co dac diem it dung. luu y vo. ho tro kiem tra. hinh anh that. da su dung on dinh. co the giao dich truc tiep. nguon goc ro rang,1.33,146,0.363,18,179,1,1,49539041,17.71827,45,120,13,0,0,0
thinkpad x1 cao cap,san pham thuoc nhom laptop. ten san pham thinkpad x1. co dac diem cao cap. chat luong tot. da su dung on dinh,4.23,151,0.359,19,109,2,0,22484663,16.92834,240,45,7,0,0,1
airpods pro tot,san pham thuoc nhom tai nghe. ten san pham airpods pro. co dac diem like new. co dac diem fullbox. co dac diem tot. co the giao dich truc tiep. chat luong tot. thong tin trung thuc. hinh anh that. da su dung on dinh,4.67,96,0.141,15,215,3,1,46580848,17.6567,30,30,1,6,1,1
beats studio buds,san pham thuoc nhom tai nghe. ten san pham beats studio buds. co hoa don. da su dung on dinh,2.61,158,0.338,17,92,0,0,15693880,16.56878,240,90,21,4,0,0
seiko 5 tot,san pham thuoc nhom dong ho. ten san pham seiko 5. co dac diem tot. co dac diem fullbox. luu y khong bao hanh. thong tin trung thuc. mo ta chi tiet. co the giao dich truc tiep. hinh anh that,1.05,182,0.03,11,190,3,2,13043251,16.38378,120,30,20,4,0,0
seiko 5 like new,san pham thuoc nhom dong ho. ten san pham seiko 5. co dac diem like new. co dac diem bao hanh. nguon goc ro rang. co hoa don,3.34,131,0.432,16,124,2,0,24057769,16.99597,60,90,17,6,1,1
casio gshock chinh hang,san pham thuoc nhom dong ho. ten san pham casio gshock. co dac diem chinh hang. co dac diem dep. mo ta chi tiet. ngoai hinh dep,4.28,143,0.386,23,127,2,0,28374043,17.16099,60,30,6,5,1,1
samsung s23 it dung,san pham thuoc nhom dien thoai. ten san pham samsung s23. co dac diem it dung. thong tin trung thuc. ho tro kiem tra. co hoa don. mo ta chi tiet,2.31,26,0.204,19,144,1,1,2881467,14.87381,90,30,0,5,1,0
asus tuf nguyen seal,san pham thuoc nhom laptop. ten san pham asus tuf. co dac diem it dung. co dac diem nguyen seal. da su dung on dinh. nguon goc ro rang. hinh anh that,2.45,18,0.161,20,149,2,0,37274723,17.43383,30,30,9,3,0,0
nikon d750,san pham thuoc nhom camera. ten san pham nikon d750. co hoa don. nguon goc ro rang. mo ta chi tiet,4.54,184,0.078,10,98,0,0,37262197,17.43349,45,30,6,0,0,0
airpods pro,san pham thuoc nhom tai nghe. ten san pham airpods pro. co the giao dich truc tiep. ho tro kiem tra. mo ta chi tiet. nguon goc ro rang. chat luong tot,1.96,207,0.168,11,150,1,0,11549761,16.26218,120,90,13,5,1,0
thinkpad x1 nguyen seal,san pham thuoc nhom laptop. ten san pham thinkpad x1. co dac diem day du phu kien. co dac diem nguyen seal. mo ta chi tiet. hinh anh that. thong tin trung thuc. da su dung on dinh. co hoa don,2.18,38,0.147,23,191,2,1,3624149,15.10313,180,45,4,6,1,0
fujifilm xt30 zin,san pham thuoc nhom camera. ten san pham fujifilm xt30. co dac diem zin. ngoai hinh dep. da su dung on dinh. ho tro kiem tra,2.99,118,0.081,17,124,2,0,47864184,17.68388,60,90,22,3,0,1
seiko 5 tot,san pham thuoc nhom dong ho. ten san pham seiko 5. co dac diem tot. mo ta chi tiet. thong tin trung thuc. chat luong tot,4.45,101,0.098,11,120,1,1,28572800,17.16797,90,90,5,6,1,1
canon eos zin,san pham thuoc nhom camera. ten san pham canon eos. co dac diem zin. thong tin trung thuc. hinh anh that. chat luong tot,3.05,86,0.192,13,120,2,1,31426815,17.26317,90,60,11,6,1,1
beats studio buds,san pham thuoc nhom tai nghe. ten san pham beats studio buds. co the giao dich truc tiep. ho tro kiem tra. thong tin trung thuc. nguon goc ro rang,4.37,131,0.246,17,146,0,1,5295162,15.4823,240,45,7,0,0,0
airpods pro nguyen seal,san pham thuoc nhom tai nghe. ten san pham airpods pro. co dac diem cao cap. co dac diem nguyen seal. co hoa don. mo ta chi tiet. nguon goc ro rang. da su dung on dinh,4.01,189,0.244,23,167,2,0,17574503,16.68196,30,45,9,6,1,1
seiko 5 zin xuoc,san pham thuoc nhom dong ho. ten san pham seiko 5. co dac diem chinh hang. co dac diem zin. co dac diem dep. luu y xuoc. mo ta chi tiet. ngoai hinh dep. chat luong tot. ho tro kiem tra. thong tin trung thuc,2.36,21,0.141,16,206,4,2,12656168,16.35366,90,120,13,1,0,0
canon eos bao hanh,san pham thuoc nhom camera. ten san pham canon eos. co dac diem bao hanh. chat luong tot. ho tro kiem tra,2.36,107,0.192,18,105,2,0,27119616,17.11577,240,120,17,2,0,0
oppo find x5 nguyen seal,san pham thuoc nhom dien thoai. ten san pham oppo find x5. co dac diem bao hanh. co dac diem nguyen seal. luu y gap. luu y mo ta so sai. da su dung on dinh. co the giao dich truc tiep. thong tin trung thuc,1.75,27,0.148,24,205,2,3,30352022,17.22837,180,45,2,1,0,0
sony a6400,san pham thuoc nhom camera. ten san pham sony a6400. hinh anh that. nguon goc ro rang. mo ta chi tiet. thong tin trung thuc. chat luong tot,2.14,59,0.131,10,139,1,1,35241599,17.37774,30,60,1,2,0,0
dell xps 13 it dung,san pham thuoc nhom laptop. ten san pham dell xps 13. co dac diem bao hanh. co dac diem fullbox. co dac diem it dung. chat luong tot. co the giao dich truc tiep. da su dung on dinh. thong tin trung thuc. ngoai hinh dep,1.52,52,0.139,19,218,5,1,47675255,17.67992,180,60,5,4,0,0
sony wh-1000xm5 moi,san pham thuoc nhom tai nghe. ten san pham sony wh-1000xm5. co dac diem moi. co dac diem like new. chat luong tot. co the giao dich truc tiep. da su dung on dinh,3.42,63,0.237,19,161,3,0,38250316,17.45966,90,60,14,4,0,1
samsung s23 nguyen seal can sua,san pham thuoc nhom dien thoai. ten san pham samsung s23. co dac diem nguyen seal. co dac diem moi. luu y can sua. chat luong tot. da su dung on dinh. nguon goc ro rang. ho tro kiem tra. co hoa don,1.38,178,0.426,31,197,3,1,16135676,16.59654,240,30,8,5,1,0
iphone 14 pro dep,san pham thuoc nhom dien thoai. ten san pham iphone 14 pro. co dac diem dep. co dac diem fullbox. co dac diem nguyen seal. ngoai hinh dep. ho tro kiem tra,2.64,42,0.114,17,154,3,0,34011418,17.34221,30,60,0,0,0,1
seiko 5 like new,san pham thuoc nhom dong ho. ten san pham seiko 5. co dac diem like new. hinh anh that. co hoa don,1.46,234,0.061,16,98,1,0,45032774,17.6229,180,60,15,3,0,0
sony a6400 zin,san pham thuoc nhom camera. ten san pham sony a6400. co dac diem zin. co dac diem moi. hinh anh that. co the giao dich truc tiep. nguon goc ro rang,2.18,136,0.334,14,147,2,0,11354714,16.24514,30,120,0,5,1,0
casio gshock cao cap test,san pham thuoc nhom dong ho. ten san pham casio gshock. co dac diem cao cap. luu y test. da su dung on dinh. co hoa don,2.78,153,0.002,25,119,1,1,25376585,17.04934,240,30,7,2,0,1
macbook air m1,san pham thuoc nhom laptop. ten san pham macbook air m1. ho tro kiem tra. mo ta chi tiet,3.72,16,0.099,14,88,0,0,6532931,15.69237,240,120,5,5,1,0
apple watch cao cap,san pham thuoc nhom dong ho. ten san pham apple watch. co dac diem cao cap. co dac diem like new. co dac diem tot. da su dung on dinh. co the giao dich truc tiep. mo ta chi tiet. ngoai hinh dep. hinh anh that,2.43,44,0.007,19,208,4,0,43938711,17.59831,60,15,12,1,0,1
samsung s23 like new,san pham thuoc nhom dien thoai. ten san pham samsung s23. co dac diem fullbox. co dac diem like new. thong tin trung thuc. chat luong tot. co the giao dich truc tiep. ho tro kiem tra,3.14,236,0.383,20,182,3,1,11556426,16.26275,60,15,19,2,0,1
galaxy watch it dung,san pham thuoc nhom dong ho. ten san pham galaxy watch. co dac diem it dung. co the giao dich truc tiep. ho tro kiem tra. hinh anh that. co hoa don. da su dung on dinh,2.8,130,0.288,20,167,1,0,15647809,16.56584,120,90,22,0,0,1
canon eos like new gap,san pham thuoc nhom camera. ten san pham canon eos. co dac diem like new. luu y gap. co hoa don. mo ta chi tiet. nguon goc ro rang. ngoai hinh dep. co the giao dich truc tiep,3.57,60,0.416,22,174,2,1,40186146,17.50903,90,120,10,1,0,0
oppo find x5 moi,san pham thuoc nhom dien thoai. ten san pham oppo find x5. co dac diem moi. co dac diem chinh hang. ho tro kiem tra. mo ta chi tiet. ngoai hinh dep. co hoa don,1.22,234,0.299,16,159,3,0,16715684,16.63186,240,120,22,5,1,0
casio gshock fullbox,san pham thuoc nhom dong ho. ten san pham casio gshock. co dac diem fullbox. mo ta chi tiet. hinh anh that,3.54,36,0.422,20,106,1,0,8476256,15.95278,30,30,18,4,0,1
thinkpad x1 zin,san pham thuoc nhom laptop. ten san pham thinkpad x1. co dac diem zin. co dac diem moi. mo ta chi tiet. da su dung on dinh. nguon goc ro rang,3.42,77,0.128,15,141,2,0,30132970,17.22113,180,30,8,6,1,1
samsung s23 zin,san pham thuoc nhom dien thoai. ten san pham samsung s23. co dac diem zin. nguon goc ro rang. chat luong tot. hinh anh that. da su dung on dinh. mo ta chi tiet,2.71,21,0.341,15,159,2,0,20198198,16.8211,120,90,4,4,0,0
beats studio buds dep,san pham thuoc nhom tai nghe. ten san pham beats studio buds. co dac diem day du phu kien. co dac diem dep. ho tro kiem tra. nguon goc ro rang,3.86,50,0.07,21,142,2,0,12775573,16.36305,30,15,16,5,1,1
seiko 5 day du phu kien,san pham thuoc nhom dong ho. ten san pham seiko 5. co dac diem it dung. co dac diem nguyen seal. co dac diem day du phu kien. luu y cu. luu y mat phu kien. da su dung on dinh. hinh anh that,4.97,31,0.173,23,189,3,2,38007350,17.45329,45,30,13,2,0,1
beats studio buds cao cap,san pham thuoc nhom tai nghe. ten san pham beats studio buds. co dac diem chinh hang. co dac diem cao cap. mo ta chi tiet. thong tin trung thuc. chat luong tot. hinh anh that. nguon goc ro rang,3.52,173,0.013,25,193,3,1,44722735,17.61599,180,30,8,4,0,1
dell xps 13 cao cap,san pham thuoc nhom laptop. ten san pham dell xps 13. co dac diem cao cap. co the giao dich truc tiep. thong tin trung thuc,3.58,234,0.173,19,123,1,1,47433540,17.67484,120,15,16,1,0,1
asus tuf dep,san pham thuoc nhom laptop. ten san pham asus tuf. co dac diem dep. da su dung on dinh. co the giao dich truc tiep. ngoai hinh dep. ho tro kiem tra,3.29,204,0.155,12,147,1,0,9627339,16.08012,60,120,6,5,1,1
airpods pro fullbox,san pham thuoc nhom tai nghe. ten san pham airpods pro. co dac diem chinh hang. co dac diem fullbox. co dac diem cao cap. luu y khong ro. da su dung on dinh. nguon goc ro rang. ngoai hinh dep. chat luong tot,1.75,34,0.089,19,207,5,2,12262761,16.32208,120,15,14,4,0,0
thinkpad x1,san pham thuoc nhom laptop. ten san pham thinkpad x1. co hoa don. da su dung on dinh. chat luong tot,3.51,159,0.049,11,100,1,0,42760338,17.57112,45,15,9,0,0,1
airpods pro zin,san pham thuoc nhom tai nghe. ten san pham airpods pro. co dac diem zin. hinh anh that. thong tin trung thuc,2.06,244,0.003,15,108,1,1,39137252,17.48259,240,15,3,1,0,0
xiaomi 13 zin khong bao hanh,san pham thuoc nhom dien thoai. ten san pham xiaomi 13. co dac diem moi. co dac diem zin. luu y cu. luu y khong bao hanh. mo ta chi tiet. ho tro kiem tra. da su dung on dinh. thong tin trung thuc,3.44,249,0.16,28,195,3,3,22213054,16.91619,240,15,0,3,0,0
galaxy watch,san pham thuoc nhom dong ho. ten san pham galaxy watch. mo ta chi tiet. ho tro kiem tra. chat luong tot. co hoa don,3.74,222,0.214,12,115,1,0,27774456,17.13963,180,30,0,5,1,1
airpods pro nguyen seal mo ta so sai,san pham thuoc nhom tai nghe. ten san pham airpods pro. co dac diem it dung. co dac diem nguyen seal. luu y mo ta so sai. thong tin trung thuc. co the giao dich truc tiep. ho tro kiem tra. mo ta chi tiet. da su dung on dinh,4.95,219,0.315,36,223,2,2,6791469,15.73118,180,60,9,4,0,1
hp spectre dep,san pham thuoc nhom laptop. ten san pham hp spectre. co dac diem it dung. co dac diem dep. co dac diem chinh hang. luu y xuoc. ngoai hinh dep. chat luong tot. nguon goc ro rang. mo ta chi tiet,4.82,123,0.298,14,192,4,1,16216633,16.60155,45,30,5,6,1,1
iphone 13 bao hanh,san pham thuoc nhom dien thoai. ten san pham iphone 13. co dac diem bao hanh. luu y khong bao hanh. co hoa don. chat luong tot. co the giao dich truc tiep,3.66,236,0.241,18,154,2,2,48731736,17.70184,90,15,22,2,0,1
canon eos day du phu kien,san pham thuoc nhom camera. ten san pham canon eos. co dac diem it dung. co dac diem day du phu kien. mo ta chi tiet. co hoa don. co the giao dich truc tiep,2.16,28,0.04,25,156,2,0,49749564,17.72251,120,30,23,0,0,1
dell xps 13 it dung,san pham thuoc nhom laptop. ten san pham dell xps 13. co dac diem chinh hang. co dac diem moi. co dac diem it dung. da su dung on dinh. thong tin trung thuc. ho tro kiem tra,4.09,204,0.306,19,173,3,1,8526343,15.95867,120,120,19,4,0,1
apple watch bao hanh,san pham thuoc nhom dong ho. ten san pham apple watch. co dac diem bao hanh. co dac diem moi. chat luong tot. nguon goc ro rang. co hoa don. co the giao dich truc tiep. ho tro kiem tra,3.66,205,0.372,20,184,3,0,2354777,14.67196,120,45,9,4,0,1
samsung s23 cao cap,san pham thuoc nhom dien thoai. ten san pham samsung s23. co dac diem zin. co dac diem cao cap. co dac diem like new. luu y cu. hinh anh that. ho tro kiem tra. nguon goc ro rang. da su dung on dinh. ngoai hinh dep,1.84,187,0.42,19,213,4,1,15154308,16.5338,180,120,1,6,1,0
seiko 5 bao hanh hong,san pham thuoc nhom dong ho. ten san pham seiko 5. co dac diem bao hanh. luu y hong. da su dung on dinh. thong tin trung thuc. co the giao dich truc tiep. co hoa don,3.91,72,0.313,21,165,1,1,13142414,16.39136,180,90,12,0,0,0
canon eos zin gap,san pham thuoc nhom camera. ten san pham canon eos. co dac diem zin. co dac diem cao cap. co dac diem bao hanh. luu y gap. nguon goc ro rang. mo ta chi tiet. ngoai hinh dep. da su dung on dinh,3.99,188,0.293,17,192,4,1,24358560,17.00839,180,90,3,5,1,1
asus tuf chinh hang,san pham thuoc nhom laptop. ten san pham asus tuf. co dac diem bao hanh. co dac diem chinh hang. co dac diem fullbox. nguon goc ro rang. hinh anh that. co the giao dich truc tiep. co hoa don. ho tro kiem tra,2.35,111,0.436,19,207,3,0,42125415,17.55616,180,60,7,0,0,0
seiko 5 bao hanh,san pham thuoc nhom dong ho. ten san pham seiko 5. co dac diem bao hanh. chat luong tot. da su dung on dinh,2.1,167,0.2,16,107,2,0,828625,13.62752,30,15,2,0,0,1
sony a6400,san pham thuoc nhom camera. ten san pham sony a6400. co hoa don. co the giao dich truc tiep. nguon goc ro rang. mo ta chi tiet. da su dung on dinh,5.0,179,0.195,10,146,0,0,38397555,17.4635,45,15,10,0,0,1
sony a6400 day du phu kien test,san pham thuoc nhom camera. ten san pham sony a6400. co dac diem day du phu kien. luu y test. co the giao dich truc tiep. nguon goc ro rang. ngoai hinh dep,1.02,114,0.36,31,155,2,1,8307430,15.93266,30,30,18,1,0,0
oppo find x5 fullbox loi,san pham thuoc nhom dien thoai. ten san pham oppo find x5. co dac diem fullbox. luu y loi. hinh anh that. mo ta chi tiet. co hoa don. thong tin trung thuc. chat luong tot,4.62,75,0.297,24,170,2,2,29908095,17.21364,45,90,15,5,1,0
sony wh-1000xm5 chinh hang,san pham thuoc nhom tai nghe. ten san pham sony wh-1000xm5. co dac diem chinh hang. co dac diem like new. nguon goc ro rang. co hoa don. mo ta chi tiet,4.83,154,0.248,26,151,2,0,39763894,17.49847,60,45,4,5,1,1
oppo find x5 bao hanh,san pham thuoc nhom dien thoai. ten san pham oppo find x5. co dac diem bao hanh. co the giao dich truc tiep. co hoa don. da su dung on dinh. ho tro kiem tra. thong tin trung thuc,3.14,18,0.283,21,178,1,1,18129106,16.71303,180,120,20,1,0,0
sony a6400 day du phu kien,san pham thuoc nhom camera. ten san pham sony a6400. co dac diem day du phu kien. thong tin trung thuc. mo ta chi tiet,1.31,31,0.239,26,118,1,1,45951070,17.64309,120,60,2,2,0,0
galaxy buds like new,san pham thuoc nhom tai nghe. ten san pham galaxy buds. co dac diem like new. co dac diem moi. da su dung on dinh. mo ta chi tiet,2.51,26,0.352,20,129,2,0,8338179,15.93636,45,90,23,2,0,0
apple watch moi,san pham thuoc nhom dong ho. ten san pham apple watch. co dac diem moi. co dac diem dep. luu y mat phu kien. ho tro kiem tra. da su dung on dinh. nguon goc ro rang,2.38,189,0.305,15,163,2,1,35730584,17.39152,120,90,12,3,0,0
airpods pro bao hanh,san pham thuoc nhom tai nghe. ten san pham airpods pro. co dac diem cao cap. co dac diem bao hanh. luu y xuoc. hinh anh that. ho tro kiem tra. mo ta chi tiet. ngoai hinh dep,3.43,180,0.206,20,173,3,1,29508107,17.20018,60,60,16,2,0,1
galaxy watch moi,san pham thuoc nhom dong ho. ten san pham galaxy watch. co dac diem moi. luu y can sua. co the giao dich truc tiep. mo ta chi tiet,4.78,42,0.259,16,130,1,1,5726411,15.5606,180,45,17,3,0,1
xiaomi 13 bao hanh cu,san pham thuoc nhom dien thoai. ten san pham xiaomi 13. co dac diem bao hanh. co dac diem zin. luu y cu. luu y test. da su dung on dinh. ngoai hinh dep,4.0,62,0.447,21,151,3,2,44420643,17.60921,240,90,21,4,0,0
galaxy watch dep xuoc,san pham thuoc nhom dong ho. ten san pham galaxy watch. co dac diem dep. co dac diem like new. luu y xuoc. hinh anh that. da su dung on dinh. chat luong tot. mo ta chi tiet,1.68,248,0.051,21,172,3,1,45621158,17.63588,45,90,3,2,0,0
galaxy buds tot,san pham thuoc nhom tai nghe. ten san pham galaxy buds. co dac diem tot. luu y can sua. chat luong tot. thong tin trung thuc,1.23,1,0.277,15,124,1,2,22098738,16.91103,60,45,3,0,0,0
asus tuf zin,san pham thuoc nhom laptop. ten san pham asus tuf. co dac diem zin. ngoai hinh dep. thong tin trung thuc,4.59,105,0.056,12,104,2,1,32759676,17.30471,30,30,21,2,0,1
casio gshock bao hanh,san pham thuoc nhom dong ho. ten san pham casio gshock. co dac diem bao hanh. chat luong tot. thong tin trung thuc,1.65,90,0.336,21,114,2,1,439917,12.99434,60,120,6,0,0,0
iphone 14 pro chinh hang,san pham thuoc nhom dien thoai. ten san pham iphone 14 pro. co dac diem chinh hang. luu y xuoc. co the giao dich truc tiep. da su dung on dinh. chat luong tot. co hoa don,2.98,174,0.321,24,170,2,1,21852844,16.89984,240,60,16,5,1,1
galaxy watch chinh hang,san pham thuoc nhom dong ho. ten san pham galaxy watch. co dac diem chinh hang. ho tro kiem tra. ngoai hinh dep. hinh anh that,4.07,60,0.023,23,126,2,0,23010693,16.95147,90,90,23,0,0,1
galaxy buds like new xuoc,san pham thuoc nhom tai nghe. ten san pham galaxy buds. co dac diem like new. co dac diem tot. luu y xuoc. mo ta chi tiet. da su dung on dinh. thong tin trung thuc. chat luong tot,3.83,207,0.046,25,179,2,2,49070120,17.70876,120,90,5,1,0,1
sony a6400 chinh hang,san pham thuoc nhom camera. ten san pham sony a6400. co dac diem chinh hang. nguon goc ro rang. da su dung on dinh. hinh anh that,3.47,23,0.389,21,129,1,0,25575034,17.05713,90,90,9,5,1,1
thinkpad x1 dep,san pham thuoc nhom laptop. ten san pham thinkpad x1. co dac diem dep. co hoa don. co the giao dich truc tiep,2.08,71,0.424,15,109,1,0,47803701,17.68261,90,30,10,0,0,0
iphone 13 zin,san pham thuoc nhom dien thoai. ten san pham iphone 13. co dac diem moi. co dac diem zin. da su dung on dinh. nguon goc ro rang,2.01,125,0.164,13,127,2,0,20475032,16.83472,30,15,21,0,0,1
dell xps 13 it dung gap,san pham thuoc nhom laptop. ten san pham dell xps 13. co dac diem it dung. luu y gap. thong tin trung thuc. da su dung on dinh. co the giao dich truc tiep,4.55,33,0.283,23,154,1,2,40438471,17.51529,30,15,18,5,1,0
asus tuf tot,san pham thuoc nhom laptop. ten san pham asus tuf. co dac diem dep. co dac diem tot. co dac diem nguyen seal. mo ta chi tiet. ngoai hinh dep. nguon goc ro rang. hinh anh that. co the giao dich truc tiep,1.77,140,0.32,12,202,3,0,37654186,17.44395,60,45,14,5,1,1
apple watch dep,san pham thuoc nhom dong ho. ten san pham apple watch. co dac diem dep. co dac diem chinh hang. nguon goc ro rang. co hoa don. hinh anh that. ngoai hinh dep,1.24,248,0.312,15,156,2,0,49758555,17.72269,240,60,15,5,1,0
canon eos day du phu kien test,san pham thuoc nhom camera. ten san pham canon eos. co dac diem day du phu kien. luu y test. nguon goc ro rang. hinh anh that. thong tin trung thuc,3.29,151,0.314,30,147,1,2,34463135,17.3554,90,90,22,5,1,0
sony wh-1000xm5 fullbox,san pham thuoc nhom tai nghe. ten san pham sony wh-1000xm5. co dac diem fullbox. hinh anh that. ngoai hinh dep. mo ta chi tiet,2.17,163,0.067,23,126,2,0,18689923,16.7435,45,45,1,5,1,1
hp spectre cao cap,san pham thuoc nhom laptop. ten san pham hp spectre. co dac diem cao cap. co the giao dich truc tiep. ngoai hinh dep. co hoa don. ho tro kiem tra,1.53,229,0.275,18,145,2,0,21835895,16.89907,30,120,0,6,1,0
sony wh-1000xm5 cao cap,san pham thuoc nhom tai nghe. ten san pham sony wh-1000xm5. co dac diem cao cap. co hoa don. ngoai hinh dep. mo ta chi tiet. da su dung on dinh. chat luong tot,1.88,68,0.092,23,159,3,0,42315206,17.56066,240,60,4,3,0,0
casio gshock zin,san pham thuoc nhom dong ho. ten san pham casio gshock. co dac diem zin. nguon goc ro rang. thong tin trung thuc. mo ta chi tiet. co hoa don. chat luong tot,4.77,46,0.291,16,156,2,1,1462460,14.19563,60,30,5,6,1,1
sony a6400,san pham thuoc nhom camera. ten san pham sony a6400. chat luong tot. da su dung on dinh. co the giao dich truc tiep,3.9,35,0.327,10,115,1,0,841114,13.64248,120,15,12,3,0,0
iphone 13 moi,san pham thuoc nhom dien thoai. ten san pham iphone 13. co dac diem moi. luu y xuoc. co the giao dich truc tiep. ngoai hinh dep,3.94,86,0.384,13,127,2,1,5751917,15.56504,45,30,15,6,1,1
galaxy watch like new,san pham thuoc nhom dong ho. ten san pham galaxy watch. co dac diem like new. ngoai hinh dep. co the giao dich truc tiep. hinh anh that. da su dung on dinh,1.18,139,0.134,21,155,2,0,34379030,17.35296,240,60,4,0,0,1
iphone 14 pro cao cap,san pham thuoc nhom dien thoai. ten san pham iphone 14 pro. co dac diem cao cap. da su dung on dinh. co the giao dich truc tiep. chat luong tot,1.68,28,0.101,21,143,2,0,18962235,16.75796,60,15,19,2,0,0
iphone 13 dep,san pham thuoc nhom dien thoai. ten san pham iphone 13. co dac diem dep. co dac diem nguyen seal. nguon goc ro rang. co hoa don. ngoai hinh dep. thong tin trung thuc. hinh anh that,2.08,127,0.298,13,180,2,1,17860757,16.69812,240,120,2,6,1,0
thinkpad x1 it dung,san pham thuoc nhom laptop. ten san pham thinkpad x1. co dac diem it dung. co the giao dich truc tiep. da su dung on dinh,4.84,71,0.065,19,121,1,0,21729747,16.89419,45,30,12,2,0,1
seiko 5 cao cap,san pham thuoc nhom dong ho. ten san pham seiko 5. co dac diem cao cap. co dac diem nguyen seal. da su dung on dinh. thong tin trung thuc. chat luong tot,3.15,126,0.24,15,153,3,1,15492723,16.55588,90,15,18,5,1,1
sony a6400 chinh hang,san pham thuoc nhom camera. ten san pham sony a6400. co dac diem chinh hang. co dac diem like new. ngoai hinh dep. chat luong tot. nguon goc ro rang. hinh anh that,1.24,89,0.162,21,163,4,0,9401571,16.05639,60,60,4,6,1,1
galaxy watch it dung,san pham thuoc nhom dong ho. ten san pham galaxy watch. co dac diem it dung. nguon goc ro rang. da su dung on dinh,3.93,178,0.434,20,114,1,0,24993306,17.03412,30,120,3,5,1,1
galaxy watch,san pham thuoc nhom dong ho. ten san pham galaxy watch. mo ta chi tiet. co the giao dich truc tiep,1.05,212,0.366,12,98,0,0,10097352,16.12778,240,30,15,5,1,0
nikon d750 zin khong ro,san pham thuoc nhom camera. ten san pham nikon d750. co dac diem zin. co dac diem cao cap. luu y khong ro. hinh anh that. nguon goc ro rang,3.01,2,0.178,23,139,2,2,28478708,17.16467,180,60,17,5,1,0
nikon d750 bao hanh,san pham thuoc nhom camera. ten san pham nikon d750. co dac diem bao hanh. co dac diem moi. nguon goc ro rang. mo ta chi tiet. da su dung on dinh. co hoa don. hinh anh that,1.88,47,0.37,19,172,2,0,37583604,17.44208,120,15,22,3,0,0
seiko 5 cao cap can sua,san pham thuoc nhom dong ho. ten san pham seiko 5. co dac diem cao cap. luu y can sua. ho tro kiem tra. thong tin trung thuc,1.11,72,0.073,23,124,1,2,7194714,15.78886,30,30,19,0,0,0
sony wh-1000xm5 like new,san pham thuoc nhom tai nghe. ten san pham sony wh-1000xm5. co dac diem chinh hang. co dac diem like new. thong tin trung thuc. hinh anh that,3.25,202,0.218,24,141,2,1,3274507,15.00168,60,15,9,0,0,1
beats studio buds day du phu kien,san pham thuoc nhom tai nghe. ten san pham beats studio buds. co dac diem day du phu kien. co dac diem nguyen seal. ho tro kiem tra. da su dung on dinh,4.59,128,0.045,33,151,2,0,10128856,16.1309,30,90,12,3,0,1
samsung s23 fullbox,san pham thuoc nhom dien thoai. ten san pham samsung s23. co dac diem fullbox. mo ta chi tiet. nguon goc ro rang. ngoai hinh dep,4.97,128,0.232,19,128,2,0,48953614,17.70638,120,120,16,6,1,1
dell xps 13 day du phu kien,san pham thuoc nhom laptop. ten san pham dell xps 13. co dac diem day du phu kien. mo ta chi tiet. thong tin trung thuc. co the giao dich truc tiep. chat luong tot. co hoa don,3.51,127,0.044,27,175,2,1,1052724,13.86689,45,45,17,6,1,1
xiaomi 13,san pham thuoc nhom dien thoai. ten san pham xiaomi 13. nguon goc ro rang. co the giao dich truc tiep. co hoa don. chat luong tot,2.45,22,0.032,9,129,1,0,47741251,17.68131,240,60,8,3,0,0
galaxy watch chinh hang,san pham thuoc nhom dong ho. ten san pham galaxy watch. co dac diem zin. co dac diem chinh hang. co dac diem nguyen seal. luu y mat phu kien. luu y can sua. chat luong tot. ho tro kiem tra. ngoai hinh dep,2.49,174,0.186,23,204,5,2,30255181,17.22518,60,120,1,4,0,1
iphone 14 pro fullbox,san pham thuoc nhom dien thoai. ten san pham iphone 14 pro. co dac diem bao hanh. co dac diem fullbox. nguon goc ro rang. da su dung on dinh. co the giao dich truc tiep. chat luong tot. mo ta chi tiet,4.5,171,0.042,21,200,3,0,31314516,17.25959,90,120,17,6,1,1
iphone 14 pro it dung vo,san pham thuoc nhom dien thoai. ten san pham iphone 14 pro. co dac diem day du phu kien. co dac diem it dung. luu y vo. thong tin trung thuc. chat luong tot. mo ta chi tiet. ho tro kiem tra,3.97,29,0.125,24,189,3,2,2619084,14.77834,120,30,15,1,0,1
airpods pro chinh hang cu,san pham thuoc nhom tai nghe. ten san pham airpods pro. co dac diem chinh hang. co dac diem nguyen seal. co dac diem day du phu kien. luu y cu. co hoa don. thong tin trung thuc. nguon goc ro rang. hinh anh that. co the giao dich truc tiep,1.28,103,0.037,25,238,3,2,47845382,17.68349,90,60,16,1,0,0
sony wh-1000xm5 day du phu kien,san pham thuoc nhom tai nghe. ten san pham sony wh-1000xm5. co dac diem day du phu kien. co dac diem nguyen seal. co dac diem moi. ho tro kiem tra. da su dung on dinh. chat luong tot,2.9,176,0.353,31,182,4,0,46804080,17.66148,90,45,22,4,0,1
oppo find x5 fullbox,san pham thuoc nhom dien thoai. ten san pham oppo find x5. co dac diem fullbox. co dac diem cao cap. ho tro kiem tra. hinh anh that. nguon goc ro rang. mo ta chi tiet,4.74,127,0.389,20,166,2,0,7674028,15.85335,240,120,13,2,0,1
xiaomi 13 cao cap loi,san pham thuoc nhom dien thoai. ten san pham xiaomi 13. co dac diem cao cap. co dac diem zin. co dac diem tot. luu y loi. ngoai hinh dep. nguon goc ro rang. da su dung on dinh. co the giao dich truc tiep. thong tin trung thuc,1.84,48,0.437,21,225,4,2,38760837,17.47292,30,45,11,0,0,0
airpods pro day du phu kien,san pham thuoc nhom tai nghe. ten san pham airpods pro. co dac diem zin. co dac diem day du phu kien. ho tro kiem tra. ngoai hinh dep. da su dung on dinh. co hoa don,4.9,85,0.051,27,165,3,0,11848664,16.28773,90,60,11,1,0,1
hp spectre cao cap,san pham thuoc nhom laptop. ten san pham hp spectre. co dac diem cao cap. thong tin trung thuc. co the giao dich truc tiep. ngoai hinh dep. da su dung on dinh,4.35,22,0.292,18,158,2,1,41406533,17.53895,90,15,15,5,1,1
canon eos cao cap,san pham thuoc nhom camera. ten san pham canon eos. co dac diem chinh hang. co dac diem cao cap. mo ta chi tiet. thong tin trung thuc. chat luong tot. co hoa don. ngoai hinh dep,1.46,219,0.211,17,177,4,1,8401064,15.94387,60,60,13,6,1,1
apple watch moi mo ta so sai,san pham thuoc nhom dong ho. ten san pham apple watch. co dac diem dep. co dac diem moi. co dac diem cao cap. luu y mo ta so sai. hinh anh that. da su dung on dinh. thong tin trung thuc,1.06,39,0.356,28,185,3,2,34877033,17.36734,240,120,19,2,0,0
fujifilm xt30 like new,san pham thuoc nhom camera. ten san pham fujifilm xt30. co dac diem like new. luu y gap. luu y mo ta so sai. nguon goc ro rang. da su dung on dinh. thong tin trung thuc. mo ta chi tiet. chat luong tot,3.07,111,0.104,22,200,2,3,47698961,17.68042,240,30,16,0,0,0
casio gshock nguyen seal,san pham thuoc nhom dong ho. ten san pham casio gshock. co dac diem nguyen seal. co dac diem like new. co dac diem fullbox. da su dung on dinh. hinh anh that,3.52,151,0.069,24,157,3,0,41529964,17.54193,180,90,2,4,0,1
asus tuf bao hanh mo ta so sai,san pham thuoc nhom laptop. ten san pham asus tuf. co dac diem bao hanh. co dac diem like new. luu y mo ta so sai. co hoa don. hinh anh that. thong tin trung thuc. ngoai hinh dep. co the giao dich truc tiep,3.51,163,0.443,30,206,3,2,6990347,15.76004,30,60,19,0,0,0
galaxy buds nguyen seal,san pham thuoc nhom tai nghe. ten san pham galaxy buds. co dac diem zin. co dac diem nguyen seal. co dac diem like new. chat luong tot. hinh anh that,2.65,124,0.432,23,149,4,0,5171257,15.45863,45,120,13,3,0,1
galaxy watch bao hanh,san pham thuoc nhom dong ho. ten san pham galaxy watch. co dac diem bao hanh. ho tro kiem tra. thong tin trung thuc,2.94,157,0.27,21,115,1,1,386521,12.86494,45,90,23,2,0,1
hp spectre,san pham thuoc nhom laptop. ten san pham hp spectre. mo ta chi tiet. ho tro kiem tra. co the giao dich truc tiep,4.59,7,0.147,10,112,0,0,14797918,16.51,30,120,22,1,0,1
galaxy watch cao cap,san pham thuoc nhom dong ho. ten san pham galaxy watch. co dac diem dep. co dac diem cao cap. co dac diem moi. da su dung on dinh. ngoai hinh dep. thong tin trung thuc. co the giao dich truc tiep. nguon goc ro rang,1.69,175,0.381,20,214,3,1,48193639,17.69074,60,60,3,4,0,0
nikon d750 it dung,san pham thuoc nhom camera. ten san pham nikon d750. co dac diem it dung. chat luong tot. da su dung on dinh. co hoa don. ngoai hinh dep. nguon goc ro rang,3.49,155,0.172,18,155,3,0,13453034,16.41472,120,45,11,5,1,1
galaxy watch day du phu kien,san pham thuoc nhom dong ho. ten san pham galaxy watch. co dac diem moi. co dac diem tot. co dac diem day du phu kien. luu y mat phu kien. luu y gap. da su dung on dinh. hinh anh that. co the giao dich truc tiep. chat luong tot,4.24,109,0.356,28,227,3,2,24057828,16.99597,45,15,6,5,1,0
dell xps 13 chinh hang,san pham thuoc nhom laptop. ten san pham dell xps 13. co dac diem chinh hang. chat luong tot. ho tro kiem tra. mo ta chi tiet,3.25,98,0.128,22,125,2,0,14288834,16.47499,120,30,3,4,0,1
canon eos day du phu kien,san pham thuoc nhom camera. ten san pham canon eos. co dac diem cao cap. co dac diem day du phu kien. mo ta chi tiet. thong tin trung thuc. hinh anh that. da su dung on dinh,2.98,11,0.446,25,173,2,1,28318753,17.15903,30,15,14,1,0,0
fujifilm xt30 chinh hang,san pham thuoc nhom camera. ten san pham fujifilm xt30. co dac diem chinh hang. co hoa don. nguon goc ro rang. da su dung on dinh. hinh anh that. thong tin trung thuc,4.67,10,0.152,24,166,1,1,1142015,13.94831,30,60,3,6,1,1
galaxy buds fullbox,san pham thuoc nhom tai nghe. ten san pham galaxy buds. co dac diem fullbox. thong tin trung thuc. hinh anh that. da su dung on dinh. nguon goc ro rang. ho tro kiem tra,4.94,126,0.382,19,168,1,1,8197884,15.91939,240,45,19,0,0,1
iphone 13 it dung khong ro,san pham thuoc nhom dien thoai. ten san pham iphone 13. co dac diem it dung. luu y khong ro. luu y can sua. ngoai hinh dep. hinh anh that. thong tin trung thuc. nguon goc ro rang,4.53,11,0.05,26,178,2,3,20470562,16.8345,30,45,10,5,1,0
casio gshock zin,san pham thuoc nhom dong ho. ten san pham casio gshock. co dac diem tot. co dac diem zin. luu y loi. luu y xuoc. chat luong tot. co the giao dich truc tiep. mo ta chi tiet. co hoa don. thong tin trung thuc,3.65,249,0.126,16,205,2,3,49097491,17.70932,90,30,2,2,0,0
samsung s23 cao cap,san pham thuoc nhom dien thoai. ten san pham samsung s23. co dac diem cao cap. co dac diem it dung. luu y khong ro. chat luong tot. hinh anh that,1.85,171,0.097,19,145,3,2,25890954,17.0694,45,60,3,2,0,0
nikon d750 zin,san pham thuoc nhom camera. ten san pham nikon d750. co dac diem zin. co dac diem cao cap. nguon goc ro rang. mo ta chi tiet,4.67,98,0.439,14,124,2,0,41689577,17.54576,120,30,12,1,0,1
galaxy watch cao cap,san pham thuoc nhom dong ho. ten san pham galaxy watch. co dac diem tot. co dac diem cao cap. luu y loi. luu y xuoc. mo ta chi tiet. hinh anh that,4.58,47,0.12,20,146,2,2,32009953,17.28156,180,90,14,2,0,0
canon eos day du phu kien,san pham thuoc nhom camera. ten san pham canon eos. co dac diem day du phu kien. hinh anh that. chat luong tot. co hoa don. nguon goc ro rang,1.39,166,0.172,25,141,2,0,28409425,17.16223,45,45,6,3,0,0
beats studio buds chinh hang,san pham thuoc nhom tai nghe. ten san pham beats studio buds. co dac diem chinh hang. co dac diem cao cap. mo ta chi tiet. co the giao dich truc tiep,1.21,9,0.259,28,149,2,0,16073391,16.59268,30,90,3,2,0,0
fujifilm xt30 it dung,san pham thuoc nhom camera. ten san pham fujifilm xt30. co dac diem it dung. mo ta chi tiet. nguon goc ro rang. thong tin trung thuc. ngoai hinh dep. ho tro kiem tra,2.15,152,0.13,21,165,2,1,258498,12.46265,30,30,16,5,1,1
sony wh-1000xm5 bao hanh,san pham thuoc nhom tai nghe. ten san pham sony wh-1000xm5. co dac diem bao hanh. chat luong tot. nguon goc ro rang. hinh anh that. ho tro kiem tra,2.9,85,0.009,24,147,2,0,17755478,16.6922,30,30,21,6,1,1
nikon d750 zin,san pham thuoc nhom camera. ten san pham nikon d750. co dac diem zin. co dac diem like new. co dac diem it dung. hinh anh that. co hoa don,4.34,134,0.226,14,138,3,0,9887015,16.10673,240,15,3,2,0,1
beats studio buds moi,san pham thuoc nhom tai nghe. ten san pham beats studio buds. co dac diem dep. co dac diem moi. ho tro kiem tra. chat luong tot. hinh anh that. da su dung on dinh,2.41,181,0.15,21,162,3,0,34801053,17.36516,240,120,19,3,0,1
canon eos like new,san pham thuoc nhom camera. ten san pham canon eos. co dac diem like new. chat luong tot. hinh anh that. mo ta chi tiet. co hoa don,3.96,249,0.194,18,131,2,0,13895063,16.44704,180,15,6,3,0,1
beats studio buds moi,san pham thuoc nhom tai nghe. ten san pham beats studio buds. co dac diem bao hanh. co dac diem moi. co dac diem nguyen seal. luu y khong bao hanh. co hoa don. mo ta chi tiet. hinh anh that. thong tin trung thuc,3.08,87,0.375,21,211,3,2,8301790,15.93198,90,60,18,6,1,0
airpods pro zin,san pham thuoc nhom tai nghe. ten san pham airpods pro. co dac diem cao cap. co dac diem bao hanh. co dac diem zin. ngoai hinh dep. co hoa don. nguon goc ro rang,2.21,73,0.029,15,161,4,0,19828776,16.80264,30,60,1,1,0,1
canon eos,san pham thuoc nhom camera. ten san pham canon eos. ho tro kiem tra. hinh anh that. ngoai hinh dep. nguon goc ro rang. co the giao dich truc tiep,2.4,72,0.353,9,145,1,0,33738195,17.33414,180,90,4,0,0,0
thinkpad x1 moi,san pham thuoc nhom laptop. ten san pham thinkpad x1. co dac diem moi. luu y vo. mo ta chi tiet. da su dung on dinh. ngoai hinh dep. thong tin trung thuc,4.87,25,0.402,15,153,2,2,20318397,16.82704,120,45,5,4,0,0
sony wh-1000xm5 bao hanh,san pham thuoc nhom tai nghe. ten san pham sony wh-1000xm5. co dac diem bao hanh. co dac diem day du phu kien. co hoa don. co the giao dich truc tiep. thong tin trung thuc. chat luong tot,4.71,118,0.246,24,187,3,1,25280647,17.04555,240,60,3,1,0,1
galaxy buds it dung,san pham thuoc nhom tai nghe. ten san pham galaxy buds. co dac diem day du phu kien. co dac diem it dung. ngoai hinh dep. hinh anh that,4.83,107,0.04,19,135,3,0,9484539,16.06517,120,45,7,4,0,1
hp spectre chinh hang,san pham thuoc nhom laptop. ten san pham hp spectre. co dac diem moi. co dac diem chinh hang. da su dung on dinh. hinh anh that. chat luong tot,4.23,223,0.233,21,143,3,0,3697114,15.12306,30,15,8,6,1,1
samsung s23 zin,san pham thuoc nhom dien thoai. ten san pham samsung s23. co dac diem tot. co dac diem zin. luu y khong ro. thong tin trung thuc. ngoai hinh dep,3.96,13,0.316,15,144,3,2,34695892,17.36213,45,90,23,3,0,0
dell xps 13 chinh hang gap,san pham thuoc nhom laptop. ten san pham dell xps 13. co dac diem chinh hang. co dac diem zin. luu y gap. thong tin trung thuc. co the giao dich truc tiep. ngoai hinh dep,1.99,26,0.213,26,170,3,2,33993965,17.34169,90,60,1,0,0,0
galaxy watch moi,san pham thuoc nhom dong ho. ten san pham galaxy watch. co dac diem dep. co dac diem moi. co dac diem tot. luu y mo ta so sai. da su dung on dinh. nguon goc ro rang,3.54,47,0.064,16,164,3,1,44171753,17.6036,45,30,16,5,1,1
asus tuf tot,san pham thuoc nhom laptop. ten san pham asus tuf. co dac diem fullbox. co dac diem tot. co hoa don. da su dung on dinh. ngoai hinh dep. ho tro kiem tra,4.2,118,0.188,12,152,3,0,28560057,17.16752,45,15,9,3,0,1
apple watch it dung,san pham thuoc nhom dong ho. ten san pham apple watch. co dac diem cao cap. co dac diem it dung. ho tro kiem tra. nguon goc ro rang,2.87,185,0.206,19,131,2,0,662036,13.40308,45,45,16,6,1,1
dell xps 13 bao hanh,san pham thuoc nhom laptop. ten san pham dell xps 13. co dac diem dep. co dac diem fullbox. co dac diem bao hanh. ho tro kiem tra. thong tin trung thuc. chat luong tot,3.86,201,0.063,20,167,4,1,44237425,17.60508,60,60,2,6,1,1
seiko 5 dep,san pham thuoc nhom dong ho. ten san pham seiko 5. co dac diem it dung. co dac diem dep. ho tro kiem tra. thong tin trung thuc. da su dung on dinh,1.27,7,0.383,11,146,2,1,10732367,16.18877,45,15,21,0,0,0
casio gshock like new,san pham thuoc nhom dong ho. ten san pham casio gshock. co dac diem it dung. co dac diem like new. luu y loi. luu y xuoc. co the giao dich truc tiep. hinh anh that. co hoa don. ngoai hinh dep. da su dung on dinh,4.39,18,0.199,21,211,3,2,25170331,17.04118,120,120,0,1,0,0
seiko 5 dep,san pham thuoc nhom dong ho. ten san pham seiko 5. co dac diem dep. co hoa don. chat luong tot. ngoai hinh dep,3.72,57,0.091,11,110,2,0,10927647,16.20681,90,90,6,0,0,1
iphone 14 pro,san pham thuoc nhom dien thoai. ten san pham iphone 14 pro. ho tro kiem tra. da su dung on dinh,3.27,221,0.032,13,95,0,0,12485564,16.34008,180,120,23,5,1,1
thinkpad x1 nguyen seal,san pham thuoc nhom laptop. ten san pham thinkpad x1. co dac diem nguyen seal. co dac diem it dung. chat luong tot. da su dung on dinh,3.5,223,0.032,23,134,3,0,5294142,15.48211,45,90,9,0,0,1
macbook air m1 moi,san pham thuoc nhom laptop. ten san pham macbook air m1. co dac diem like new. co dac diem moi. ho tro kiem tra. co the giao dich truc tiep. nguon goc ro rang. chat luong tot. hinh anh that,3.14,61,0.384,18,189,3,0,41070115,17.53079,120,45,12,4,0,0
oppo find x5 moi hong,san pham thuoc nhom dien thoai. ten san pham oppo find x5. co dac diem moi. co dac diem cao cap. luu y hong. ho tro kiem tra. hinh anh that. nguon goc ro rang,1.82,209,0.33,21,158,2,1,44565733,17.61248,30,30,15,0,0,0
canon eos day du phu kien,san pham thuoc nhom camera. ten san pham canon eos. co dac diem day du phu kien. nguon goc ro rang. co hoa don. hinh anh that. chat luong tot. da su dung on dinh,2.99,57,0.293,25,161,2,0,29008519,17.1831,90,45,7,0,0,1
iphone 14 pro cao cap,san pham thuoc nhom dien thoai. ten san pham iphone 14 pro. co dac diem cao cap. co dac diem it dung. luu y khong ro. da su dung on dinh. thong tin trung thuc,3.78,110,0.316,21,158,2,2,36929335,17.42452,45,15,14,0,0,0
galaxy buds chinh hang,san pham thuoc nhom tai nghe. ten san pham galaxy buds. co dac diem chinh hang. co the giao dich truc tiep. hinh anh that. mo ta chi tiet,2.65,192,0.4,22,137,1,0,36034952,17.4,120,15,0,6,1,1
iphone 13,san pham thuoc nhom dien thoai. ten san pham iphone 13. hinh anh that. ho tro kiem tra. ngoai hinh dep. co hoa don,3.62,62,0.449,9,114,1,0,8755109,15.98515,120,60,15,5,1,0
iphone 13 zin,san pham thuoc nhom dien thoai. ten san pham iphone 13. co dac diem zin. chat luong tot. co hoa don. ho tro kiem tra,4.12,74,0.391,13,116,2,0,16438373,16.61513,120,45,10,5,1,1
iphone 13 tot,san pham thuoc nhom dien thoai. ten san pham iphone 13. co dac diem tot. co the giao dich truc tiep. mo ta chi tiet. nguon goc ro rang. da su dung on dinh,4.9,59,0.137,13,154,1,0,37158897,17.43071,45,15,11,5,1,1
macbook air m1 cao cap,san pham thuoc nhom laptop. ten san pham macbook air m1. co dac diem cao cap. co dac diem zin. co dac diem fullbox. hinh anh that. co hoa don. ngoai hinh dep. chat luong tot. mo ta chi tiet,2.2,247,0.038,22,189,5,0,18779579,16.74828,240,90,12,3,0,1
seiko 5 day du phu kien,san pham thuoc nhom dong ho. ten san pham seiko 5. co dac diem day du phu kien. ngoai hinh dep. hinh anh that. co hoa don. thong tin trung thuc. chat luong tot,4.05,239,0.012,23,159,3,1,40901802,17.52668,240,45,8,6,1,1
macbook air m1 day du phu kien,san pham thuoc nhom laptop. ten san pham macbook air m1. co dac diem day du phu kien. luu y can sua. co hoa don. ngoai hinh dep. chat luong tot. mo ta chi tiet. thong tin trung thuc,3.88,196,0.234,30,181,3,2,10958469,16.20962,90,60,23,1,0,1
samsung s23 like new,san pham thuoc nhom dien thoai. ten san pham samsung s23. co dac diem fullbox. co dac diem like new. luu y test. luu y mat phu kien. thong tin trung thuc. co hoa don,2.45,168,0.113,20,165,2,3,43874175,17.59684,240,90,0,0,0,0
galaxy buds zin,san pham thuoc nhom tai nghe. ten san pham galaxy buds. co dac diem chinh hang. co dac diem zin. co dac diem it dung. ho tro kiem tra. chat luong tot,3.55,142,0.098,15,149,4,0,3981561,15.19718,120,15,8,4,0,1
xiaomi 13 moi mat phu kien,san pham thuoc nhom dien thoai. ten san pham xiaomi 13. co dac diem moi. luu y mat phu kien. thong tin trung thuc. hinh anh that. mo ta chi tiet,1.46,9,0.083,26,144,1,2,34055348,17.3435,240,60,18,2,0,0
macbook air m1 nguyen seal test,san pham thuoc nhom laptop. ten san pham macbook air m1. co dac diem moi. co dac diem chinh hang. co dac diem nguyen seal. luu y test. luu y hong. ngoai hinh dep. chat luong tot,1.45,19,0.107,31,177,5,2,21913332,16.90261,120,45,21,3,0,0
casio gshock nguyen seal,san pham thuoc nhom dong ho. ten san pham casio gshock. co dac diem nguyen seal. ho tro kiem tra. chat luong tot. co hoa don. ngoai hinh dep. hinh anh that,1.64,11,0.131,24,155,3,0,10120574,16.13008,120,15,3,4,0,0
galaxy buds chinh hang,san pham thuoc nhom tai nghe. ten san pham galaxy buds. co dac diem tot. co dac diem chinh hang. co dac diem bao hanh. co the giao dich truc tiep. mo ta chi tiet,3.26,147,0.284,22,161,3,0,49304634,17.71353,90,90,23,0,0,1
canon eos zin,san pham thuoc nhom camera. ten san pham canon eos. co dac diem dep. co dac diem zin. mo ta chi tiet. co hoa don. thong tin trung thuc. nguon goc ro rang,1.97,196,0.44,13,153,2,1,15544812,16.55924,90,45,23,0,0,0
seiko 5 dep,san pham thuoc nhom dong ho. ten san pham seiko 5. co dac diem dep. chat luong tot. mo ta chi tiet. thong tin trung thuc. da su dung on dinh,2.68,145,0.373,11,140,2,1,8457482,15.95056,120,30,13,5,1,0
hp spectre nguyen seal,san pham thuoc nhom laptop. ten san pham hp spectre. co dac diem nguyen seal. da su dung on dinh. thong tin trung thuc,3.02,37,0.259,22,118,1,1,42505064,17.56513,240,30,5,3,0,0
xiaomi 13 zin,san pham thuoc nhom dien thoai. ten san pham xiaomi 13. co dac diem zin. hinh anh that. da su dung on dinh. thong tin trung thuc,3.76,18,0.06,13,128,1,1,35571371,17.38705,90,60,11,1,0,1
sony a6400 nguyen seal,san pham thuoc nhom camera. ten san pham sony a6400. co dac diem nguyen seal. co dac diem tot. co the giao dich truc tiep. ho tro kiem tra,4.8,233,0.184,22,138,2,0,30232460,17.22443,180,60,9,6,1,1
thinkpad x1 dep,san pham thuoc nhom laptop. ten san pham thinkpad x1. co dac diem dep. co dac diem fullbox. thong tin trung thuc. ho tro kiem tra,3.7,116,0.171,15,129,2,1,29483078,17.19933,45,90,23,4,0,0
iphone 14 pro tot,san pham thuoc nhom dien thoai. ten san pham iphone 14 pro. co dac diem tot. ho tro kiem tra. da su dung on dinh. thong tin trung thuc. ngoai hinh dep,1.71,36,0.019,17,150,2,1,49349899,17.71445,180,30,13,4,0,0
nikon d750,san pham thuoc nhom camera. ten san pham nikon d750. co hoa don. thong tin trung thuc,2.95,57,0.398,10,85,0,1,19409485,16.78127,60,90,3,1,0,0
macbook air m1 bao hanh,san pham thuoc nhom laptop. ten san pham macbook air m1. co dac diem bao hanh. luu y hong. hinh anh that. chat luong tot. thong tin trung thuc,2.48,72,0.424,23,142,2,1,38380245,17.46305,90,120,14,4,0,0
casio gshock zin cu,san pham thuoc nhom dong ho. ten san pham casio gshock. co dac diem fullbox. co dac diem zin. co dac diem day du phu kien. luu y cu. co the giao dich truc tiep. ho tro kiem tra. thong tin trung thuc. ngoai hinh dep,4.17,186,0.033,19,214,4,2,10567783,16.17332,120,45,8,3,0,1
canon eos chinh hang,san pham thuoc nhom camera. ten san pham canon eos. co dac diem chinh hang. co dac diem day du phu kien. mo ta chi tiet. ngoai hinh dep. hinh anh that. ho tro kiem tra,3.51,62,0.062,20,167,3,0,25296962,17.04619,240,30,21,1,0,1
asus tuf moi,san pham thuoc nhom laptop. ten san pham asus tuf. co dac diem moi. co dac diem bao hanh. co dac diem like new. luu y mo ta so sai. hinh anh that. da su dung on dinh. co the giao dich truc tiep,2.96,156,0.094,12,193,3,1,12003097,16.30068,30,60,22,2,0,1
sony a6400 bao hanh,san pham thuoc nhom camera. ten san pham sony a6400. co dac diem cao cap. co dac diem bao hanh. co hoa don. chat luong tot. ngoai hinh dep,4.19,100,0.269,19,138,4,0,36517850,17.41331,90,45,3,1,0,1
beats studio buds cao cap,san pham thuoc nhom tai nghe. ten san pham beats studio buds. co dac diem cao cap. co dac diem day du phu kien. co dac diem fullbox. ho tro kiem tra. co the giao dich truc tiep. thong tin trung thuc. chat luong tot. mo ta chi tiet,3.82,198,0.397,25,230,4,1,32877936,17.30831,120,60,21,1,0,1
sony wh-1000xm5 nguyen seal mat phu kien,san pham thuoc nhom tai nghe. ten san pham sony wh-1000xm5. co dac diem chinh hang. co dac diem dep. co dac diem nguyen seal. luu y mat phu kien. da su dung on dinh. thong tin trung thuc. co hoa don. hinh anh that. nguon goc ro rang,2.94,56,0.153,40,232,3,2,3112079,14.9508,60,60,13,1,0,0
hp spectre tot,san pham thuoc nhom laptop. ten san pham hp spectre. co dac diem tot. thong tin trung thuc. ngoai hinh dep. hinh anh that,4.8,5,0.361,14,121,2,1,6106756,15.62491,240,120,10,2,0,1
canon eos nguyen seal,san pham thuoc nhom camera. ten san pham canon eos. co dac diem nguyen seal. co dac diem dep. ngoai hinh dep. da su dung on dinh. mo ta chi tiet,2.16,41,0.41,21,144,2,0,22296730,16.91995,90,30,17,5,1,0
iphone 13 fullbox can sua,san pham thuoc nhom dien thoai. ten san pham iphone 13. co dac diem dep. co dac diem fullbox. co dac diem it dung. luu y can sua. hinh anh that. mo ta chi tiet. ngoai hinh dep. thong tin trung thuc,2.09,31,0.366,25,197,3,2,25407536,17.05056,180,60,4,6,1,0
airpods pro,san pham thuoc nhom tai nghe. ten san pham airpods pro. hinh anh that. thong tin trung thuc. nguon goc ro rang. ngoai hinh dep. ho tro kiem tra,3.35,100,0.087,11,143,1,1,40697273,17.52167,240,45,10,3,0,0
samsung s23 moi,san pham thuoc nhom dien thoai. ten san pham samsung s23. co dac diem moi. co hoa don. da su dung on dinh. co the giao dich truc tiep. chat luong tot. mo ta chi tiet,3.24,123,0.128,15,165,2,0,47219442,17.67032,120,90,7,3,0,1
seiko 5 zin,san pham thuoc nhom dong ho. ten san pham seiko 5. co dac diem it dung. co dac diem fullbox. co dac diem zin. luu y vo. mo ta chi tiet. chat luong tot. ho tro kiem tra. thong tin trung thuc. co hoa don,1.44,79,0.15,11,201,4,2,42322801,17.56084,30,15,17,1,0,0
galaxy watch,san pham thuoc nhom dong ho. ten san pham galaxy watch. ngoai hinh dep. mo ta chi tiet. hinh anh that. da su dung on dinh. thong tin trung thuc,2.01,79,0.333,12,143,1,1,10157398,16.13371,30,45,22,4,0,0
samsung s23 dep,san pham thuoc nhom dien thoai. ten san pham samsung s23. co dac diem zin. co dac diem dep. luu y cu. ho tro kiem tra. chat luong tot. ngoai hinh dep,3.06,219,0.333,15,149,3,1,49245449,17.71233,30,15,13,5,1,0
macbook air m1 bao hanh,san pham thuoc nhom laptop. ten san pham macbook air m1. co dac diem bao hanh. luu y vo. hinh anh that. da su dung on dinh,2.98,160,0.361,23,122,1,1,32744994,17.30426,45,120,17,3,0,0
airpods pro cao cap,san pham thuoc nhom tai nghe. ten san pham airpods pro. co dac diem cao cap. thong tin trung thuc. ho tro kiem tra. nguon goc ro rang. co the giao dich truc tiep,2.16,175,0.092,19,161,1,1,41254830,17.53528,180,45,16,4,0,0
galaxy watch it dung test,san pham thuoc nhom dong ho. ten san pham galaxy watch. co dac diem it dung. co dac diem bao hanh. co dac diem cao cap. luu y test. luu y cu. chat luong tot. co the giao dich truc tiep. hinh anh that,2.25,48,0.09,25,199,4,2,6348022,15.66365,120,60,10,0,0,0
galaxy watch,san pham thuoc nhom dong ho. ten san pham galaxy watch. ho tro kiem tra. hinh anh that. mo ta chi tiet,2.1,210,0.41,12,102,0,0,28649492,17.17065,120,120,9,2,0,0
casio gshock like new,san pham thuoc nhom dong ho. ten san pham casio gshock. co dac diem like new. co dac diem fullbox. mo ta chi tiet. co hoa don,1.71,144,0.046,21,125,2,0,35102154,17.37377,120,120,12,2,0,1
nikon d750 tot vo,san pham thuoc nhom camera. ten san pham nikon d750. co dac diem tot. co dac diem cao cap. co dac diem zin. luu y vo. co the giao dich truc tiep. nguon goc ro rang. ngoai hinh dep,1.66,223,0.0,17,179,4,1,5270225,15.47758,30,30,16,6,1,1
casio gshock like new test,san pham thuoc nhom dong ho. ten san pham casio gshock. co dac diem like new. luu y test. ho tro kiem tra. co hoa don. thong tin trung thuc. ngoai hinh dep. hinh anh that,4.53,215,0.096,26,170,2,2,11197876,16.23123,180,45,22,1,0,1
fujifilm xt30 fullbox,san pham thuoc nhom camera. ten san pham fujifilm xt30. co dac diem cao cap. co dac diem fullbox. luu y test. hinh anh that. ho tro kiem tra. chat luong tot,4.08,88,0.328,21,156,3,1,14396530,16.4825,120,90,6,3,0,1
iphone 14 pro chinh hang,san pham thuoc nhom dien thoai. ten san pham iphone 14 pro. co dac diem chinh hang. co the giao dich truc tiep. ho tro kiem tra. co hoa don. chat luong tot,4.69,155,0.123,24,155,2,0,43484072,17.58791,60,120,15,3,0,1
galaxy buds zin,san pham thuoc nhom tai nghe. ten san pham galaxy buds. co dac diem chinh hang. co dac diem zin. luu y gap. luu y mo ta so sai. ngoai hinh dep. co the giao dich truc tiep. hinh anh that. nguon goc ro rang. chat luong tot,3.45,182,0.069,15,220,4,2,49455288,17.71658,45,30,2,3,0,1
iphone 13 nguyen seal,san pham thuoc nhom dien thoai. ten san pham iphone 13. co dac diem nguyen seal. luu y loi. thong tin trung thuc. hinh anh that. ho tro kiem tra,4.35,217,0.405,21,144,1,2,47650918,17.67941,45,90,23,2,0,0
seiko 5 fullbox,san pham thuoc nhom dong ho. ten san pham seiko 5. co dac diem fullbox. co dac diem like new. co dac diem dep. co the giao dich truc tiep. nguon goc ro rang. chat luong tot. hinh anh that,2.1,50,0.31,15,187,4,0,27514404,17.13022,45,120,23,6,1,1
samsung s23 nguyen seal,san pham thuoc nhom dien thoai. ten san pham samsung s23. co dac diem nguyen seal. thong tin trung thuc. chat luong tot,1.35,235,0.041,23,119,2,1,49009297,17.70752,30,30,10,4,0,0
iphone 14 pro nguyen seal,san pham thuoc nhom dien thoai. ten san pham iphone 14 pro. co dac diem nguyen seal. co dac diem zin. co hoa don. mo ta chi tiet. nguon goc ro rang,2.24,97,0.318,25,147,2,0,11995648,16.30005,60,30,18,2,0,1
dell xps 13 it dung,san pham thuoc nhom laptop. ten san pham dell xps 13. co dac diem moi. co dac diem it dung. co dac diem zin. chat luong tot. ho tro kiem tra,3.31,89,0.348,19,140,4,0,35150803,17.37516,90,120,21,6,1,1
fujifilm xt30 it dung,san pham thuoc nhom camera. ten san pham fujifilm xt30. co dac diem it dung. co hoa don. mo ta chi tiet. ho tro kiem tra. chat luong tot,4.87,141,0.373,21,136,2,0,18098936,16.71136,30,90,6,2,0,1
airpods pro cao cap,san pham thuoc nhom tai nghe. ten san pham airpods pro. co dac diem cao cap. co dac diem bao hanh. co dac diem zin. thong tin trung thuc. ho tro kiem tra. ngoai hinh dep. co hoa don. mo ta chi tiet,3.63,230,0.015,19,197,4,1,47112660,17.66805,30,120,11,6,1,1
asus tuf bao hanh,san pham thuoc nhom laptop. ten san pham asus tuf. co dac diem fullbox. co dac diem bao hanh. nguon goc ro rang. chat luong tot. thong tin trung thuc. da su dung on dinh,1.09,207,0.277,17,169,3,1,39884127,17.50149,120,120,13,5,1,0
dell xps 13 cao cap,san pham thuoc nhom laptop. ten san pham dell xps 13. co dac diem zin. co dac diem cao cap. hinh anh that. mo ta chi tiet. co the giao dich truc tiep. ngoai hinh dep,2.7,68,0.429,19,165,3,0,26943885,17.10927,120,15,5,4,0,0
sony wh-1000xm5 bao hanh,san pham thuoc nhom tai nghe. ten san pham sony wh-1000xm5. co dac diem bao hanh. co dac diem it dung. co dac diem nguyen seal. co hoa don. nguon goc ro rang,4.21,117,0.178,24,157,3,0,30959519,17.24819,30,120,4,1,0,1
galaxy buds,san pham thuoc nhom tai nghe. ten san pham galaxy buds. da su dung on dinh. co the giao dich truc tiep. mo ta chi tiet,1.62,142,0.381,11,118,0,0,25166016,17.04101,30,60,5,2,0,0
fujifilm xt30 cao cap,san pham thuoc nhom camera. ten san pham fujifilm xt30. co dac diem cao cap. co dac diem day du phu kien. luu y cu. da su dung on dinh. nguon goc ro rang,2.27,239,0.06,21,153,2,1,22002103,16.90665,60,120,23,6,1,1
apple watch tot,san pham thuoc nhom dong ho. ten san pham apple watch. co dac diem tot. thong tin trung thuc. nguon goc ro rang. mo ta chi tiet,2.48,87,0.226,15,127,1,1,156806,11.96277,120,90,12,0,0,0
asus tuf day du phu kien,san pham thuoc nhom laptop. ten san pham asus tuf. co dac diem day du phu kien. da su dung on dinh. nguon goc ro rang. thong tin trung thuc. co the giao dich truc tiep,2.14,99,0.304,24,167,1,1,32306013,17.29076,30,45,13,1,0,0
canon eos fullbox,san pham thuoc nhom camera. ten san pham canon eos. co dac diem cao cap. co dac diem fullbox. nguon goc ro rang. ho tro kiem tra,1.51,129,0.173,17,128,2,0,30563868,17.23533,30,60,20,5,1,0
samsung s23 fullbox,san pham thuoc nhom dien thoai. ten san pham samsung s23. co dac diem fullbox. luu y gap. ho tro kiem tra. ngoai hinh dep. thong tin trung thuc. hinh anh that. co the giao dich truc tiep,4.92,136,0.342,19,186,2,2,45329619,17.62947,30,30,0,2,0,1
nikon d750 it dung cu,san pham thuoc nhom camera. ten san pham nikon d750. co dac diem it dung. luu y cu. co the giao dich truc tiep. chat luong tot,2.84,12,0.4,21,126,2,1,46112694,17.6466,60,45,13,2,0,0
oppo find x5 day du phu kien,san pham thuoc nhom dien thoai. ten san pham oppo find x5. co dac diem day du phu kien. ho tro kiem tra. co hoa don. hinh anh that. ngoai hinh dep. chat luong tot,2.43,9,0.239,28,162,3,0,26639509,17.09791,45,30,2,4,0,0
asus tuf zin,san pham thuoc nhom laptop. ten san pham asus tuf. co dac diem zin. hinh anh that. co the giao dich truc tiep. ho tro kiem tra. nguon goc ro rang. thong tin trung thuc,1.59,250,0.326,12,167,1,1,6836230,15.73775,90,90,23,0,0,0
beats studio buds it dung,san pham thuoc nhom tai nghe. ten san pham beats studio buds. co dac diem it dung. da su dung on dinh. co the giao dich truc tiep,4.17,146,0.117,25,129,1,0,20397502,16.83092,120,90,17,6,1,1
samsung s23 day du phu kien,san pham thuoc nhom dien thoai. ten san pham samsung s23. co dac diem day du phu kien. co dac diem moi. ngoai hinh dep. hinh anh that. da su dung on dinh. co the giao dich truc tiep,3.71,69,0.002,27,181,3,0,13950684,16.45104,30,60,21,1,0,1
casio gshock,san pham thuoc nhom dong ho. ten san pham casio gshock. mo ta chi tiet. co the giao dich truc tiep. co hoa don. ho tro kiem tra,3.85,211,0.207,12,127,0,0,28287046,17.15791,180,90,10,4,0,1
canon eos zin,san pham thuoc nhom camera. ten san pham canon eos. co dac diem zin. chat luong tot. mo ta chi tiet. nguon goc ro rang. ho tro kiem tra. ngoai hinh dep,2.02,8,0.297,13,151,3,0,38390185,17.46331,30,120,15,4,0,0
iphone 14 pro it dung,san pham thuoc nhom dien thoai. ten san pham iphone 14 pro. co dac diem moi. co dac diem it dung. chat luong tot. hinh anh that. nguon goc ro rang. co hoa don. da su dung on dinh,1.67,90,0.254,21,178,3,0,27926551,17.14509,240,15,9,4,0,0
asus tuf fullbox,san pham thuoc nhom laptop. ten san pham asus tuf. co dac diem tot. co dac diem fullbox. co dac diem cao cap. mo ta chi tiet. co the giao dich truc tiep. co hoa don,1.71,40,0.345,16,164,3,0,49338823,17.71422,90,90,13,2,0,0
casio gshock fullbox,san pham thuoc nhom dong ho. ten san pham casio gshock. co dac diem fullbox. mo ta chi tiet. da su dung on dinh. chat luong tot. ngoai hinh dep. thong tin trung thuc,2.15,236,0.202,20,165,3,1,11970321,16.29794,90,45,0,4,0,1
galaxy watch cao cap,san pham thuoc nhom dong ho. ten san pham galaxy watch. co dac diem tot. co dac diem cao cap. da su dung on dinh. mo ta chi tiet. hinh anh that. co hoa don. co the giao dich truc tiep,1.55,158,0.227,20,183,2,0,5452653,15.51161,120,90,23,3,0,1
sony wh-1000xm5 cao cap,san pham thuoc nhom tai nghe. ten san pham sony wh-1000xm5. co dac diem cao cap. hinh anh that. da su dung on dinh. mo ta chi tiet. ngoai hinh dep,4.65,117,0.166,23,146,2,0,16110179,16.59496,45,60,22,1,0,1
airpods pro like new,san pham thuoc nhom tai nghe. ten san pham airpods pro. co dac diem zin. co dac diem it dung. co dac diem like new. mo ta chi tiet. nguon goc ro rang. chat luong tot. co hoa don. ho tro kiem tra,1.44,154,0.377,20,194,4,0,10738199,16.18932,45,60,23,0,0,0
xiaomi 13 day du phu kien,san pham thuoc nhom dien thoai. ten san pham xiaomi 13. co dac diem day du phu kien. co dac diem fullbox. co dac diem it dung. luu y mat phu kien. luu y test. chat luong tot. thong tin trung thuc,4.31,15,0.132,25,195,4,3,26785952,17.10339,240,120,1,2,0,0
fujifilm xt30 bao hanh,san pham thuoc nhom camera. ten san pham fujifilm xt30. co dac diem bao hanh. nguon goc ro rang. ho tro kiem tra,2.65,86,0.064,22,112,1,0,16362062,16.61048,240,60,6,2,0,0
xiaomi 13 moi,san pham thuoc nhom dien thoai. ten san pham xiaomi 13. co dac diem like new. co dac diem moi. co dac diem nguyen seal. ho tro kiem tra. chat luong tot. co hoa don. ngoai hinh dep. nguon goc ro rang,3.38,194,0.063,13,198,5,0,35066015,17.37274,60,15,7,2,0,1
galaxy buds zin,san pham thuoc nhom tai nghe. ten san pham galaxy buds. co dac diem cao cap. co dac diem moi. co dac diem zin. co hoa don. nguon goc ro rang. ngoai hinh dep. co the giao dich truc tiep. thong tin trung thuc,2.17,98,0.116,15,206,4,1,15345320,16.54632,30,30,18,2,0,0
samsung s23 dep,san pham thuoc nhom dien thoai. ten san pham samsung s23. co dac diem dep. thong tin trung thuc. nguon goc ro rang. ho tro kiem tra. chat luong tot. co the giao dich truc tiep,3.35,128,0.141,15,175,2,1,25173047,17.04128,90,60,20,1,0,1
galaxy watch fullbox,san pham thuoc nhom dong ho. ten san pham galaxy watch. co dac diem cao cap. co dac diem fullbox. co hoa don. mo ta chi tiet. ngoai hinh dep,1.6,155,0.35,20,140,3,0,8075644,15.90436,180,30,11,3,0,0
oppo find x5 chinh hang can sua,san pham thuoc nhom dien thoai. ten san pham oppo find x5. co dac diem nguyen seal. co dac diem cao cap. co dac diem chinh hang. luu y can sua. co hoa don. ngoai hinh dep,4.85,216,0.334,31,170,4,1,5381617,15.4985,240,15,14,4,0,1
dell xps 13 cao cap,san pham thuoc nhom laptop. ten san pham dell xps 13. co dac diem cao cap. co dac diem like new. nguon goc ro rang. hinh anh that. co hoa don. chat luong tot. thong tin trung thuc,1.37,48,0.33,19,179,3,1,4322749,15.2794,45,90,9,0,0,0
hp spectre fullbox,san pham thuoc nhom laptop. ten san pham hp spectre. co dac diem fullbox. co dac diem dep. co the giao dich truc tiep. mo ta chi tiet. chat luong tot. hinh anh that,2.77,121,0.089,18,164,3,0,36447756,17.41139,120,30,19,3,0,1
oppo find x5 it dung,san pham thuoc nhom dien thoai. ten san pham oppo find x5. co dac diem it dung. luu y cu. hinh anh that. co hoa don. da su dung on dinh. ngoai hinh dep. nguon goc ro rang,2.97,45,0.148,20,170,2,1,32482348,17.29621,120,45,20,2,0,0
sony a6400 dep,san pham thuoc nhom camera. ten san pham sony a6400. co dac diem dep. co the giao dich truc tiep. nguon goc ro rang. chat luong tot. hinh anh that. ngoai hinh dep,4.57,130,0.212,14,162,2,0,10997527,16.21318,45,15,13,5,1,1
casio gshock bao hanh,san pham thuoc nhom dong ho. ten san pham casio gshock. co dac diem bao hanh. co dac diem like new. mo ta chi tiet. co hoa don. ngoai hinh dep,2.28,135,0.212,21,142,3,0,46002547,17.64421,60,90,6,4,0,1
sony wh-1000xm5 bao hanh,san pham thuoc nhom tai nghe. ten san pham sony wh-1000xm5. co dac diem bao hanh. ho tro kiem tra. ngoai hinh dep. chat luong tot,3.61,201,0.188,24,129,3,0,48802461,17.70329,60,30,8,3,0,1
galaxy buds nguyen seal,san pham thuoc nhom tai nghe. ten san pham galaxy buds. co dac diem nguyen seal. co hoa don. da su dung on dinh. ngoai hinh dep. chat luong tot. mo ta chi tiet,1.02,240,0.182,23,159,3,0,27483283,17.12909,60,120,4,3,0,1
iphone 14 pro moi khong bao hanh,san pham thuoc nhom dien thoai. ten san pham iphone 14 pro. co dac diem moi. luu y khong bao hanh. ngoai hinh dep. thong tin trung thuc. mo ta chi tiet. da su dung on dinh,1.86,128,0.198,32,171,3,2,18435347,16.72978,30,15,7,1,0,0
seiko 5 zin,san pham thuoc nhom dong ho. ten san pham seiko 5. co dac diem cao cap. co dac diem day du phu kien. co dac diem zin. luu y vo. luu y mat phu kien. co the giao dich truc tiep. hinh anh that,3.56,70,0.242,11,189,3,2,29452028,17.19827,60,15,15,1,0,0
samsung s23 tot mat phu kien,san pham thuoc nhom dien thoai. ten san pham samsung s23. co dac diem bao hanh. co dac diem it dung. co dac diem tot. luu y mat phu kien. mo ta chi tiet. ho tro kiem tra. co hoa don. chat luong tot. da su dung on dinh,4.27,176,0.01,28,217,3,1,4613664,15.34453,240,120,22,5,1,1
beats studio buds nguyen seal,san pham thuoc nhom tai nghe. ten san pham beats studio buds. co dac diem nguyen seal. co dac diem zin. ho tro kiem tra. thong tin trung thuc. mo ta chi tiet. ngoai hinh dep. da su dung on dinh,2.04,154,0.336,29,193,3,1,1602785,14.28725,45,15,20,3,0,0
apple watch chinh hang,san pham thuoc nhom dong ho. ten san pham apple watch. co dac diem dep. co dac diem nguyen seal. co dac diem chinh hang. hinh anh that. ngoai hinh dep. ho tro kiem tra. da su dung on dinh. co hoa don,2.97,147,0.15,22,199,3,0,4553640,15.33144,180,15,18,0,0,1
oppo find x5 fullbox,san pham thuoc nhom dien thoai. ten san pham oppo find x5. co dac diem fullbox. co the giao dich truc tiep. da su dung on dinh. co hoa don,2.86,227,0.396,20,138,1,0,49639195,17.72029,45,120,10,0,0,0
nikon d750 day du phu kien,san pham thuoc nhom camera. ten san pham nikon d750. co dac diem it dung. co dac diem day du phu kien. luu y hong. thong tin trung thuc. da su dung on dinh,1.08,57,0.145,26,155,2,1,10149543,16.13294,60,30,18,5,1,0
fujifilm xt30 tot,san pham thuoc nhom camera. ten san pham fujifilm xt30. co dac diem tot. co dac diem nguyen seal. nguon goc ro rang. mo ta chi tiet. co hoa don,1.73,6,0.24,17,143,2,0,2697618,14.80788,240,30,17,2,0,0
galaxy buds moi,san pham thuoc nhom tai nghe. ten san pham galaxy buds. co dac diem like new. co dac diem moi. co dac diem bao hanh. mo ta chi tiet. thong tin trung thuc. ho tro kiem tra. hinh anh that,1.55,230,0.425,15,185,3,1,8311778,15.93318,240,60,0,3,0,0
asus tuf,san pham thuoc nhom laptop. ten san pham asus tuf. mo ta chi tiet. da su dung on dinh. co the giao dich truc tiep,1.37,44,0.228,8,113,0,0,38859293,17.47546,180,90,3,1,0,0
xiaomi 13 nguyen seal,san pham thuoc nhom dien thoai. ten san pham xiaomi 13. co dac diem nguyen seal. co dac diem day du phu kien. co the giao dich truc tiep. ngoai hinh dep. ho tro kiem tra,2.91,130,0.05,21,169,3,0,30715647,17.24028,30,15,12,6,1,1
samsung s23 fullbox,san pham thuoc nhom dien thoai. ten san pham samsung s23. co dac diem fullbox. mo ta chi tiet. co the giao dich truc tiep. da su dung on dinh. thong tin trung thuc,1.06,246,0.124,19,163,1,1,43493568,17.58812,60,15,4,6,1,0
canon eos it dung,san pham thuoc nhom camera. ten san pham canon eos. co dac diem it dung. hinh anh that. mo ta chi tiet,4.47,169,0.132,17,102,1,0,41493416,17.54105,90,30,13,1,0,1
sony a6400 bao hanh loi,san pham thuoc nhom camera. ten san pham sony a6400. co dac diem bao hanh. co dac diem nguyen seal. luu y loi. da su dung on dinh. ho tro kiem tra. co hoa don. chat luong tot,2.28,200,0.012,23,174,3,1,1962393,14.48968,90,15,23,6,1,1
apple watch it dung xuoc,san pham thuoc nhom dong ho. ten san pham apple watch. co dac diem it dung. co dac diem dep. luu y xuoc. co the giao dich truc tiep. da su dung on dinh. thong tin trung thuc,1.45,121,0.209,24,173,2,2,27905335,17.14433,240,90,14,1,0,0
samsung s23 bao hanh,san pham thuoc nhom dien thoai. ten san pham samsung s23. co dac diem moi. co dac diem bao hanh. luu y khong bao hanh. chat luong tot. thong tin trung thuc,3.99,218,0.257,20,155,3,2,8494508,15.95493,45,90,4,6,1,1
macbook air m1 moi loi,san pham thuoc nhom laptop. ten san pham macbook air m1. co dac diem moi. co dac diem tot. luu y loi. ho tro kiem tra. chat luong tot. co hoa don. da su dung on dinh,4.6,83,0.19,22,165,2,1,44422503,17.60926,45,90,23,6,1,1
apple watch chinh hang hong,san pham thuoc nhom dong ho. ten san pham apple watch. co dac diem chinh hang. co dac diem bao hanh. luu y mo ta so sai. luu y hong. thong tin trung thuc. chat luong tot,2.94,88,0.084,27,169,3,2,38785335,17.47355,90,60,6,3,0,0
fujifilm xt30 dep,san pham thuoc nhom camera. ten san pham fujifilm xt30. co dac diem dep. nguon goc ro rang. co hoa don. ho tro kiem tra. da su dung on dinh,4.49,197,0.247,17,139,1,0,44559824,17.61234,30,120,10,6,1,1
samsung s23 dep,san pham thuoc nhom dien thoai. ten san pham samsung s23. co dac diem dep. mo ta chi tiet. chat luong tot,4.32,30,0.248,15,105,2,0,19894992,16.80598,45,45,9,3,0,1
oppo find x5 dep,san pham thuoc nhom dien thoai. ten san pham oppo find x5. co dac diem dep. luu y vo. hinh anh that. mo ta chi tiet. ho tro kiem tra,3.1,199,0.068,16,132,1,1,35655382,17.38941,120,15,17,2,0,1
sony a6400 bao hanh,san pham thuoc nhom camera. ten san pham sony a6400. co dac diem bao hanh. ngoai hinh dep. da su dung on dinh. mo ta chi tiet,2.11,245,0.436,19,125,2,0,26952121,17.10957,60,60,16,3,0,1
casio gshock chinh hang loi,san pham thuoc nhom dong ho. ten san pham casio gshock. co dac diem chinh hang. luu y loi. luu y mat phu kien. da su dung on dinh. nguon goc ro rang,1.58,210,0.072,27,148,1,2,16321420,16.60799,90,30,20,3,0,0
thinkpad x1 moi,san pham thuoc nhom laptop. ten san pham thinkpad x1. co dac diem moi. co dac diem bao hanh. co dac diem day du phu kien. mo ta chi tiet. chat luong tot. nguon goc ro rang,3.69,194,0.147,15,171,4,0,42782012,17.57163,30,90,9,4,0,1
fujifilm xt30 fullbox,san pham thuoc nhom camera. ten san pham fujifilm xt30. co dac diem fullbox. co the giao dich truc tiep. ho tro kiem tra. co hoa don,4.8,10,0.172,21,132,1,0,17193118,16.66002,30,120,14,3,0,1
casio gshock it dung,san pham thuoc nhom dong ho. ten san pham casio gshock. co dac diem it dung. chat luong tot. da su dung on dinh. ngoai hinh dep,1.23,26,0.389,20,127,3,0,18854142,16.75224,240,120,23,2,0,0
nikon d750 nguyen seal loi,san pham thuoc nhom camera. ten san pham nikon d750. co dac diem nguyen seal. luu y loi. thong tin trung thuc. chat luong tot. mo ta chi tiet,3.36,170,0.12,26,141,2,2,47598582,17.67831,90,90,19,6,1,1
fujifilm xt30,san pham thuoc nhom camera. ten san pham fujifilm xt30. thong tin trung thuc. co the giao dich truc tiep,1.47,195,0.107,13,104,0,1,38981332,17.47859,180,120,19,3,0,0
samsung s23 zin,san pham thuoc nhom dien thoai. ten san pham samsung s23. co dac diem zin. co dac diem tot. da su dung on dinh. hinh anh that. mo ta chi tiet. co hoa don. co the giao dich truc tiep,1.1,242,0.148,15,181,2,0,19664366,16.79432,90,15,23,3,0,1
galaxy buds like new,san pham thuoc nhom tai nghe. ten san pham galaxy buds. co dac diem like new. co dac diem moi. co dac diem zin. chat luong tot. co hoa don. nguon goc ro rang. co the giao dich truc tiep,3.23,221,0.246,20,185,4,0,21651078,16.89057,180,60,11,6,1,1
apple watch it dung,san pham thuoc nhom dong ho. ten san pham apple watch. co dac diem it dung. co hoa don. co the giao dich truc tiep. ngoai hinh dep. ho tro kiem tra,2.62,159,0.224,19,147,2,0,12545143,16.34484,240,60,6,2,0,1
casio gshock nguyen seal,san pham thuoc nhom dong ho. ten san pham casio gshock. co dac diem nguyen seal. ho tro kiem tra. hinh anh that. co the giao dich truc tiep,1.76,79,0.409,24,139,1,0,47041525,17.66654,180,90,9,6,1,0
asus tuf it dung,san pham thuoc nhom laptop. ten san pham asus tuf. co dac diem fullbox. co dac diem it dung. nguon goc ro rang. ho tro kiem tra. ngoai hinh dep. mo ta chi tiet,1.53,98,0.047,16,159,3,0,49461072,17.7167,240,45,19,4,0,1
sony wh-1000xm5 dep,san pham thuoc nhom tai nghe. ten san pham sony wh-1000xm5. co dac diem dep. hinh anh that. chat luong tot. mo ta chi tiet. da su dung on dinh,3.78,56,0.11,19,142,2,0,15205372,16.53716,90,120,6,1,0,1
macbook air m1 dep,san pham thuoc nhom laptop. ten san pham macbook air m1. co dac diem zin. co dac diem day du phu kien. co dac diem dep. da su dung on dinh. nguon goc ro rang. thong tin trung thuc,3.51,227,0.406,18,179,3,1,26028095,17.07469,180,45,22,6,1,1
beats studio buds like new khong bao hanh,san pham thuoc nhom tai nghe. ten san pham beats studio buds. co dac diem like new. luu y khong bao hanh. mo ta chi tiet. ngoai hinh dep. nguon goc ro rang. hinh anh that,4.92,200,0.443,41,170,3,2,47586826,17.67807,90,90,10,0,0,1
sony a6400 dep vo,san pham thuoc nhom camera. ten san pham sony a6400. co dac diem cao cap. co dac diem dep. luu y vo. thong tin trung thuc. chat luong tot. ngoai hinh dep. co hoa don. mo ta chi tiet,1.26,43,0.01,17,181,3,2,30146196,17.22157,120,120,1,2,0,0
macbook air m1 moi,san pham thuoc nhom laptop. ten san pham macbook air m1. co dac diem it dung. co dac diem moi. thong tin trung thuc. chat luong tot,2.72,195,0.424,18,131,3,1,26641620,17.09799,45,120,14,2,0,0
galaxy buds dep,san pham thuoc nhom tai nghe. ten san pham galaxy buds. co dac diem dep. luu y can sua. hinh anh that. thong tin trung thuc. ho tro kiem tra. co hoa don,1.48,250,0.032,15,152,1,2,4320052,15.27878,120,60,23,1,0,0
hp spectre bao hanh mo ta so sai,san pham thuoc nhom laptop. ten san pham hp spectre. co dac diem bao hanh. co dac diem chinh hang. luu y mo ta so sai. luu y cu. thong tin trung thuc. da su dung on dinh. ngoai hinh dep. mo ta chi tiet. ho tro kiem tra,2.9,216,0.154,32,218,3,3,6483277,15.68474,60,45,5,5,1,0
beats studio buds,san pham thuoc nhom tai nghe. ten san pham beats studio buds. mo ta chi tiet. ho tro kiem tra. co the giao dich truc tiep,2.36,192,0.042,17,121,0,0,17348506,16.66902,30,90,1,4,0,0
airpods pro dep hong,san pham thuoc nhom tai nghe. ten san pham airpods pro. co dac diem dep. luu y hong. luu y khong ro. co the giao dich truc tiep. nguon goc ro rang. mo ta chi tiet. ho tro kiem tra,3.48,46,0.241,20,179,1,2,23219198,16.96049,30,120,4,4,0,0
asus tuf dep xuoc,san pham thuoc nhom laptop. ten san pham asus tuf. co dac diem bao hanh. co dac diem dep. luu y xuoc. co hoa don. thong tin trung thuc,1.43,174,0.081,17,134,2,2,34845197,17.36643,45,15,15,1,0,0
nikon d750 zin loi,san pham thuoc nhom camera. ten san pham nikon d750. co dac diem dep. co dac diem day du phu kien. co dac diem zin. luu y loi. luu y mo ta so sai. nguon goc ro rang. mo ta chi tiet. chat luong tot. co the giao dich truc tiep,4.18,10,0.161,18,224,4,2,32290668,17.29029,240,120,22,6,1,1
oppo find x5,san pham thuoc nhom dien thoai. ten san pham oppo find x5. ngoai hinh dep. mo ta chi tiet. co hoa don. nguon goc ro rang. co the giao dich truc tiep,2.79,50,0.132,12,148,1,0,42082917,17.55515,90,60,13,3,0,0
xiaomi 13 tot,san pham thuoc nhom dien thoai. ten san pham xiaomi 13. co dac diem tot. chat luong tot. co hoa don. hinh anh that. ngoai hinh dep,4.33,48,0.426,13,130,2,0,20660462,16.84373,120,120,18,4,0,1
airpods pro moi,san pham thuoc nhom tai nghe. ten san pham airpods pro. co dac diem moi. co dac diem day du phu kien. ngoai hinh dep. hinh anh that. da su dung on dinh. ho tro kiem tra,3.03,217,0.08,15,168,3,0,24935572,17.03181,180,120,1,1,0,1
thinkpad x1 like new,san pham thuoc nhom laptop. ten san pham thinkpad x1. co dac diem like new. co dac diem zin. hinh anh that. da su dung on dinh,1.82,176,0.052,20,126,2,0,19541211,16.78804,30,30,21,6,1,1
sony wh-1000xm5 nguyen seal,san pham thuoc nhom tai nghe. ten san pham sony wh-1000xm5. co dac diem nguyen seal. co dac diem day du phu kien. co dac diem chinh hang. luu y xuoc. da su dung on dinh. co hoa don. mo ta chi tiet. ho tro kiem tra,3.95,69,0.184,27,213,3,1,736349,13.50946,90,60,12,2,0,1
asus tuf it dung,san pham thuoc nhom laptop. ten san pham asus tuf. co dac diem it dung. chat luong tot. nguon goc ro rang,3.65,57,0.032,16,105,2,0,7725937,15.86009,30,30,15,0,0,1
sony wh-1000xm5 moi,san pham thuoc nhom tai nghe. ten san pham sony wh-1000xm5. co dac diem cao cap. co dac diem day du phu kien. co dac diem moi. co hoa don. thong tin trung thuc. co the giao dich truc tiep. da su dung on dinh,1.48,210,0.399,19,207,3,1,13614453,16.42664,30,90,15,1,0,0
xiaomi 13 chinh hang,san pham thuoc nhom dien thoai. ten san pham xiaomi 13. co dac diem chinh hang. co dac diem day du phu kien. co the giao dich truc tiep. mo ta chi tiet,2.74,94,0.197,20,151,2,0,9630374,16.08043,90,90,1,5,1,1
thinkpad x1 bao hanh,san pham thuoc nhom laptop. ten san pham thinkpad x1. co dac diem chinh hang. co dac diem bao hanh. nguon goc ro rang. ho tro kiem tra. chat luong tot. co the giao dich truc tiep,4.61,14,0.176,20,178,3,0,10324200,16.15,60,90,2,1,0,1
dell xps 13 zin,san pham thuoc nhom laptop. ten san pham dell xps 13. co dac diem zin. co dac diem fullbox. ngoai hinh dep. nguon goc ro rang. thong tin trung thuc. co hoa don,4.86,14,0.05,15,159,3,1,4420890,15.30185,90,90,17,0,0,1
dell xps 13 fullbox,san pham thuoc nhom laptop. ten san pham dell xps 13. co dac diem fullbox. da su dung on dinh. hinh anh that,3.25,208,0.174,19,108,1,0,38097691,17.45566,30,30,20,0,0,1
iphone 13 cao cap,san pham thuoc nhom dien thoai. ten san pham iphone 13. co dac diem tot. co dac diem cao cap. luu y can sua. chat luong tot. mo ta chi tiet. thong tin trung thuc. co hoa don. nguon goc ro rang,2.38,162,0.205,17,192,2,2,10326911,16.15026,90,90,11,1,0,0
asus tuf nguyen seal mat phu kien,san pham thuoc nhom laptop. ten san pham asus tuf. co dac diem nguyen seal. co dac diem chinh hang. co dac diem day du phu kien. luu y mat phu kien. da su dung on dinh. nguon goc ro rang. ho tro kiem tra,1.83,103,0.19,33,203,3,1,28083092,17.15068,90,120,14,3,0,0
casio gshock bao hanh,san pham thuoc nhom dong ho. ten san pham casio gshock. co dac diem bao hanh. mo ta chi tiet. thong tin trung thuc. ngoai hinh dep,4.79,186,0.297,21,130,2,1,41582082,17.54318,60,60,17,6,1,1
casio gshock bao hanh,san pham thuoc nhom dong ho. ten san pham casio gshock. co dac diem bao hanh. co dac diem zin. co hoa don. da su dung on dinh. hinh anh that. co the giao dich truc tiep. ngoai hinh dep,2.35,227,0.071,21,184,3,0,25839298,17.06741,120,60,5,3,0,1
asus tuf it dung,san pham thuoc nhom laptop. ten san pham asus tuf. co dac diem it dung. co dac diem cao cap. thong tin trung thuc. mo ta chi tiet. nguon goc ro rang. ngoai hinh dep. chat luong tot,2.87,222,0.332,16,180,4,1,32710876,17.30322,60,90,19,4,0,1
iphone 13 it dung,san pham thuoc nhom dien thoai. ten san pham iphone 13. co dac diem chinh hang. co dac diem it dung. ho tro kiem tra. thong tin trung thuc,1.81,38,0.431,17,138,2,1,20690125,16.84517,240,15,11,4,0,0
fujifilm xt30 moi,san pham thuoc nhom camera. ten san pham fujifilm xt30. co dac diem moi. co dac diem it dung. luu y loi. nguon goc ro rang. da su dung on dinh. co the giao dich truc tiep,3.13,158,0.184,17,170,2,1,37742637,17.4463,120,120,15,5,1,1
macbook air m1 zin,san pham thuoc nhom laptop. ten san pham macbook air m1. co dac diem zin. co dac diem fullbox. da su dung on dinh. chat luong tot. thong tin trung thuc,2.91,196,0.009,18,151,3,1,46229051,17.64912,240,45,14,4,0,1
apple watch tot khong bao hanh,san pham thuoc nhom dong ho. ten san pham apple watch. co dac diem tot. co dac diem nguyen seal. co dac diem cao cap. luu y loi. luu y khong bao hanh. nguon goc ro rang. co the giao dich truc tiep. mo ta chi tiet. ho tro kiem tra. thong tin trung thuc,2.17,202,0.427,30,251,4,3,5624914,15.54272,60,90,15,0,0,0
fujifilm xt30 like new,san pham thuoc nhom camera. ten san pham fujifilm xt30. co dac diem moi. co dac diem like new. co dac diem dep. chat luong tot. ho tro kiem tra,4.62,13,0.292,22,143,4,0,47060758,17.66695,60,45,14,3,0,1
beats studio buds chinh hang,san pham thuoc nhom tai nghe. ten san pham beats studio buds. co dac diem chinh hang. co dac diem bao hanh. co hoa don. da su dung on dinh,1.8,120,0.171,28,138,2,0,2464788,14.71762,180,120,8,5,1,0
beats studio buds nguyen seal,san pham thuoc nhom tai nghe. ten san pham beats studio buds. co dac diem nguyen seal. chat luong tot. co hoa don. ngoai hinh dep,1.33,115,0.413,29,129,3,0,5740516,15.56306,240,120,10,6,1,0
iphone 13 like new xuoc,san pham thuoc nhom dien thoai. ten san pham iphone 13. co dac diem fullbox. co dac diem like new. co dac diem it dung. luu y xuoc. co the giao dich truc tiep. hinh anh that,3.89,188,0.363,23,173,3,1,41487084,17.54089,30,30,18,5,1,1
casio gshock fullbox,san pham thuoc nhom dong ho. ten san pham casio gshock. co dac diem fullbox. co dac diem chinh hang. co the giao dich truc tiep. nguon goc ro rang. thong tin trung thuc,3.87,23,0.002,20,168,2,1,46059904,17.64545,45,30,1,5,1,1
sony wh-1000xm5 zin,san pham thuoc nhom tai nghe. ten san pham sony wh-1000xm5. co dac diem zin. co dac diem tot. co hoa don. hinh anh that. chat luong tot. co the giao dich truc tiep. thong tin trung thuc,1.03,45,0.438,19,185,2,1,17717186,16.69005,45,90,18,1,0,0
iphone 14 pro like new,san pham thuoc nhom dien thoai. ten san pham iphone 14 pro. co dac diem like new. thong tin trung thuc. co hoa don. da su dung on dinh. ngoai hinh dep. ho tro kiem tra,2.14,109,0.113,22,167,2,1,23186387,16.95908,180,30,16,0,0,0
galaxy buds zin,san pham thuoc nhom tai nghe. ten san pham galaxy buds. co dac diem fullbox. co dac diem zin. thong tin trung thuc. da su dung on dinh,1.32,195,0.404,15,134,2,1,29975990,17.21591,30,120,21,0,0,0
airpods pro zin khong bao hanh,san pham thuoc nhom tai nghe. ten san pham airpods pro. co dac diem nguyen seal. co dac diem zin. luu y khong bao hanh. ho tro kiem tra. ngoai hinh dep. mo ta chi tiet. co the giao dich truc tiep. co hoa don,1.68,176,0.159,30,207,4,2,31251918,17.25759,90,45,12,3,0,0
seiko 5 day du phu kien,san pham thuoc nhom dong ho. ten san pham seiko 5. co dac diem day du phu kien. luu y can sua. da su dung on dinh. nguon goc ro rang. thong tin trung thuc. ngoai hinh dep,1.06,202,0.368,23,170,2,2,11645066,16.27039,45,90,5,1,0,0
seiko 5 chinh hang,san pham thuoc nhom dong ho. ten san pham seiko 5. co dac diem chinh hang. nguon goc ro rang. co hoa don. ngoai hinh dep. co the giao dich truc tiep. da su dung on dinh,2.95,185,0.225,18,168,2,0,29249574,17.19138,240,30,15,5,1,1
iphone 13 bao hanh,san pham thuoc nhom dien thoai. ten san pham iphone 13. co dac diem tot. co dac diem moi. co dac diem bao hanh. luu y vo. da su dung on dinh. chat luong tot. hinh anh that,4.83,161,0.071,18,171,3,1,42359389,17.5617,60,120,19,3,0,1
sony a6400 bao hanh,san pham thuoc nhom camera. ten san pham sony a6400. co dac diem nguyen seal. co dac diem bao hanh. co the giao dich truc tiep. hinh anh that. chat luong tot. nguon goc ro rang. mo ta chi tiet,1.98,241,0.147,19,192,3,0,15715782,16.57018,240,45,20,3,0,1
nikon d750 bao hanh,san pham thuoc nhom camera. ten san pham nikon d750. co dac diem like new. co dac diem bao hanh. thong tin trung thuc. mo ta chi tiet. ngoai hinh dep,2.95,120,0.401,19,149,3,1,21085947,16.86412,120,15,12,6,1,0
airpods pro it dung,san pham thuoc nhom tai nghe. ten san pham airpods pro. co dac diem it dung. co dac diem moi. da su dung on dinh. mo ta chi tiet. co hoa don. ho tro kiem tra. co the giao dich truc tiep,2.46,199,0.027,19,185,2,0,16598080,16.6248,45,120,0,2,0,1
fujifilm xt30 nguyen seal,san pham thuoc nhom camera. ten san pham fujifilm xt30. co dac diem nguyen seal. co dac diem zin. luu y khong bao hanh. thong tin trung thuc. co the giao dich truc tiep. co hoa don,3.93,188,0.398,25,180,3,2,35181637,17.37603,240,90,9,1,0,1
apple watch moi,san pham thuoc nhom dong ho. ten san pham apple watch. co dac diem moi. da su dung on dinh. co the giao dich truc tiep,2.47,198,0.409,15,118,1,0,9956257,16.11371,90,120,12,4,0,0
casio gshock moi,san pham thuoc nhom dong ho. ten san pham casio gshock. co dac diem moi. co hoa don. nguon goc ro rang. ngoai hinh dep. chat luong tot. hinh anh that,1.5,222,0.147,16,149,3,0,32067740,17.28336,60,30,10,6,1,1
canon eos bao hanh,san pham thuoc nhom camera. ten san pham canon eos. co dac diem day du phu kien. co dac diem bao hanh. co hoa don. ho tro kiem tra,3.26,145,0.018,18,130,2,0,34390167,17.35328,30,120,22,5,1,1
iphone 13 bao hanh,san pham thuoc nhom dien thoai. ten san pham iphone 13. co dac diem bao hanh. ho tro kiem tra. thong tin trung thuc,2.35,105,0.155,18,115,1,1,4719201,15.36715,90,60,17,0,0,0
galaxy watch like new,san pham thuoc nhom dong ho. ten san pham galaxy watch. co dac diem like new. co dac diem zin. co hoa don. mo ta chi tiet,1.96,165,0.308,21,121,2,0,1675725,14.33176,30,120,22,1,0,1
iphone 14 pro dep,san pham thuoc nhom dien thoai. ten san pham iphone 14 pro. co dac diem bao hanh. co dac diem dep. luu y khong bao hanh. luu y khong ro. hinh anh that. ngoai hinh dep. co hoa don. mo ta chi tiet. thong tin trung thuc,3.68,178,0.187,17,216,2,3,4610821,15.34392,30,30,18,0,0,0
fujifilm xt30,san pham thuoc nhom camera. ten san pham fujifilm xt30. luu y gap. da su dung on dinh. mo ta chi tiet. nguon goc ro rang,3.14,234,0.282,13,120,0,1,41844853,17.54948,60,45,17,2,0,0
thinkpad x1 nguyen seal,san pham thuoc nhom laptop. ten san pham thinkpad x1. co dac diem like new. co dac diem nguyen seal. co the giao dich truc tiep. co hoa don. chat luong tot. hinh anh that. mo ta chi tiet,3.41,166,0.302,23,186,3,0,27275450,17.1215,45,30,3,0,0,1
iphone 14 pro it dung,san pham thuoc nhom dien thoai. ten san pham iphone 14 pro. co dac diem it dung. thong tin trung thuc. co hoa don. ho tro kiem tra,2.86,165,0.282,21,130,1,1,38090430,17.45547,240,45,6,4,0,0
iphone 14 pro zin,san pham thuoc nhom dien thoai. ten san pham iphone 14 pro. co dac diem like new. co dac diem zin. co dac diem day du phu kien. luu y khong ro. thong tin trung thuc. nguon goc ro rang. chat luong tot. mo ta chi tiet. co hoa don,3.39,203,0.444,17,227,4,2,16727790,16.63258,30,90,3,0,0,1
canon eos chinh hang gap,san pham thuoc nhom camera. ten san pham canon eos. co dac diem chinh hang. co dac diem moi. co dac diem zin. luu y can sua. luu y gap. mo ta chi tiet. da su dung on dinh. ho tro kiem tra,1.3,106,0.294,24,187,3,2,20012868,16.81189,240,15,3,2,0,0
galaxy watch cao cap,san pham thuoc nhom dong ho. ten san pham galaxy watch. co dac diem cao cap. nguon goc ro rang. hinh anh that. co the giao dich truc tiep. ngoai hinh dep. ho tro kiem tra,1.94,222,0.399,20,170,2,0,46685196,17.65894,120,45,8,0,0,1
apple watch day du phu kien,san pham thuoc nhom dong ho. ten san pham apple watch. co dac diem fullbox. co dac diem day du phu kien. hinh anh that. chat luong tot,2.73,119,0.186,27,134,3,0,940471,13.75414,120,15,21,0,0,1
galaxy buds chinh hang,san pham thuoc nhom tai nghe. ten san pham galaxy buds. co dac diem moi. co dac diem chinh hang. mo ta chi tiet. chat luong tot. hinh anh that,4.98,11,0.393,22,142,3,0,29265474,17.19192,120,120,15,6,1,1
samsung s23 zin,san pham thuoc nhom dien thoai. ten san pham samsung s23. co dac diem zin. ho tro kiem tra. thong tin trung thuc. nguon goc ro rang,2.28,163,0.156,15,131,1,1,11724441,16.27719,120,60,11,3,0,1
sony wh-1000xm5 cao cap,san pham thuoc nhom tai nghe. ten san pham sony wh-1000xm5. co dac diem zin. co dac diem cao cap. co dac diem dep. luu y can sua. thong tin trung thuc. co hoa don,4.54,85,0.416,23,162,3,2,43366365,17.58519,90,60,17,6,1,1
samsung s23 bao hanh,san pham thuoc nhom dien thoai. ten san pham samsung s23. co dac diem cao cap. co dac diem bao hanh. luu y gap. thong tin trung thuc. nguon goc ro rang. mo ta chi tiet,4.3,101,0.037,20,167,2,2,28167007,17.15366,30,90,17,0,0,1
canon eos bao hanh,san pham thuoc nhom camera. ten san pham canon eos. co dac diem bao hanh. chat luong tot. co the giao dich truc tiep. ho tro kiem tra. thong tin trung thuc,4.35,95,0.247,18,155,2,1,26555351,17.09474,120,120,12,1,0,1
apple watch bao hanh,san pham thuoc nhom dong ho. ten san pham apple watch. co dac diem bao hanh. ngoai hinh dep. co the giao dich truc tiep,2.98,234,0.032,20,119,2,0,20622620,16.8419,45,60,9,6,1,1
iphone 14 pro,san pham thuoc nhom dien thoai. ten san pham iphone 14 pro. mo ta chi tiet. nguon goc ro rang,4.31,174,0.032,13,93,0,0,17057661,16.65211,90,15,13,2,0,1
oppo find x5 like new,san pham thuoc nhom dien thoai. ten san pham oppo find x5. co dac diem like new. thong tin trung thuc. chat luong tot. hinh anh that. ho tro kiem tra. mo ta chi tiet,4.91,127,0.144,21,165,2,1,2133080,14.57308,60,120,15,6,1,1
canon eos nguyen seal,san pham thuoc nhom camera. ten san pham canon eos. co dac diem nguyen seal. da su dung on dinh. hinh anh that,4.85,194,0.408,21,110,1,0,31918106,17.27868,60,90,2,0,0,1
xiaomi 13 tot,san pham thuoc nhom dien thoai. ten san pham xiaomi 13. co dac diem tot. ho tro kiem tra. co hoa don,3.21,180,0.385,13,100,1,0,14582783,16.49535,120,60,3,0,0,1
canon eos bao hanh,san pham thuoc nhom camera. ten san pham canon eos. co dac diem dep. co dac diem bao hanh. co dac diem zin. ngoai hinh dep. hinh anh that. co hoa don. chat luong tot. thong tin trung thuc,3.79,125,0.078,18,187,4,1,30364814,17.2288,60,30,1,2,0,1
apple watch fullbox cu,san pham thuoc nhom dong ho. ten san pham apple watch. co dac diem fullbox. co dac diem like new. luu y cu. luu y khong ro. hinh anh that. co hoa don. nguon goc ro rang. co the giao dich truc tiep. chat luong tot,4.46,149,0.38,22,212,3,3,15399979,16.54988,180,60,22,0,0,0
thinkpad x1 chinh hang,san pham thuoc nhom laptop. ten san pham thinkpad x1. co dac diem tot. co dac diem chinh hang. luu y cu. luu y khong ro. hinh anh that. ngoai hinh dep. ho tro kiem tra. chat luong tot. co hoa don,1.43,121,0.015,22,195,3,3,29329001,17.19409,120,120,13,0,0,0
galaxy buds like new,san pham thuoc nhom tai nghe. ten san pham galaxy buds. co dac diem like new. co dac diem bao hanh. nguon goc ro rang. co the giao dich truc tiep,3.28,170,0.088,20,145,2,0,44332586,17.60723,120,45,17,2,0,1
hp spectre like new,san pham thuoc nhom laptop. ten san pham hp spectre. co dac diem like new. co hoa don. nguon goc ro rang. da su dung on dinh,1.04,15,0.23,19,124,1,0,866407,13.67211,30,90,21,2,0,0
samsung s23 like new,san pham thuoc nhom dien thoai. ten san pham samsung s23. co dac diem like new. co dac diem zin. co dac diem it dung. chat luong tot. thong tin trung thuc. mo ta chi tiet. hinh anh that. co the giao dich truc tiep,2.55,162,0.282,20,213,4,1,4809262,15.38605,45,120,4,6,1,1
xiaomi 13 bao hanh,san pham thuoc nhom dien thoai. ten san pham xiaomi 13. co dac diem tot. co dac diem bao hanh. luu y vo. luu y mo ta so sai. mo ta chi tiet. co hoa don. da su dung on dinh. hinh anh that,4.01,10,0.392,18,186,2,2,26533093,17.0939,30,30,21,5,1,0
seiko 5 bao hanh,san pham thuoc nhom dong ho. ten san pham seiko 5. co dac diem it dung. co dac diem bao hanh. luu y cu. mo ta chi tiet. ngoai hinh dep. co hoa don,2.99,19,0.195,16,146,3,1,2124604,14.5691,90,15,17,0,0,1
macbook air m1 zin,san pham thuoc nhom laptop. ten san pham macbook air m1. co dac diem zin. ngoai hinh dep. ho tro kiem tra. co hoa don. da su dung on dinh,4.79,130,0.22,18,137,2,0,46251210,17.6496,120,120,17,5,1,1
sony a6400 zin,san pham thuoc nhom camera. ten san pham sony a6400. co dac diem zin. co dac diem nguyen seal. co hoa don. thong tin trung thuc. ngoai hinh dep. chat luong tot,3.05,80,0.417,14,159,4,1,21804301,16.89762,45,90,6,2,0,1
dell xps 13 tot,san pham thuoc nhom laptop. ten san pham dell xps 13. co dac diem moi. co dac diem tot. thong tin trung thuc. nguon goc ro rang. co hoa don,1.76,175,0.163,15,139,2,1,36475075,17.41214,120,45,6,6,1,0
sony a6400 moi mo ta so sai,san pham thuoc nhom camera. ten san pham sony a6400. co dac diem moi. luu y mo ta so sai. chat luong tot. ho tro kiem tra. mo ta chi tiet,2.57,183,0.122,27,137,2,1,38180544,17.45784,90,90,10,1,0,0
samsung s23 dep,san pham thuoc nhom dien thoai. ten san pham samsung s23. co dac diem dep. co the giao dich truc tiep. mo ta chi tiet,4.25,65,0.418,15,117,1,0,30568464,17.23548,120,90,8,4,0,1
dell xps 13,san pham thuoc nhom laptop. ten san pham dell xps 13. thong tin trung thuc. co the giao dich truc tiep. chat luong tot. mo ta chi tiet. da su dung on dinh,2.25,35,0.081,11,154,1,1,24298776,17.00594,240,15,1,6,1,0
oppo find x5 cao cap,san pham thuoc nhom dien thoai. ten san pham oppo find x5. co dac diem fullbox. co dac diem cao cap. hinh anh that. thong tin trung thuc. ngoai hinh dep,1.45,250,0.281,20,152,3,1,18650819,16.7414,60,60,7,1,0,0
nikon d750 chinh hang,san pham thuoc nhom camera. ten san pham nikon d750. co dac diem like new. co dac diem bao hanh. co dac diem chinh hang. mo ta chi tiet. nguon goc ro rang. da su dung on dinh. co the giao dich truc tiep,3.17,4,0.43,21,202,3,0,6168835,15.63502,120,120,19,2,0,1
iphone 13 like new,san pham thuoc nhom dien thoai. ten san pham iphone 13. co dac diem like new. nguon goc ro rang. mo ta chi tiet. co hoa don,1.43,61,0.302,18,123,1,0,29255326,17.19157,120,90,12,3,0,0
iphone 13 bao hanh,san pham thuoc nhom dien thoai. ten san pham iphone 13. co dac diem bao hanh. hinh anh that. ngoai hinh dep. co hoa don. co the giao dich truc tiep. ho tro kiem tra,2.97,202,0.394,18,164,2,0,23020608,16.9519,60,15,15,4,0,1
galaxy watch tot khong ro,san pham thuoc nhom dong ho. ten san pham galaxy watch. co dac diem tot. luu y khong ro. mo ta chi tiet. ho tro kiem tra. ngoai hinh dep,2.62,63,0.322,25,136,2,2,15545133,16.55926,90,90,15,0,0,0
sony a6400 chinh hang,san pham thuoc nhom camera. ten san pham sony a6400. co dac diem it dung. co dac diem chinh hang. ho tro kiem tra. da su dung on dinh. hinh anh that. mo ta chi tiet,2.75,114,0.409,21,164,2,0,6053619,15.61617,90,45,11,1,0,1
beats studio buds tot,san pham thuoc nhom tai nghe. ten san pham beats studio buds. co dac diem tot. da su dung on dinh. ho tro kiem tra,1.19,58,0.04,21,114,1,0,10703778,16.18611,30,90,22,4,0,0
oppo find x5 bao hanh,san pham thuoc nhom dien thoai. ten san pham oppo find x5. co dac diem moi. co dac diem bao hanh. co dac diem day du phu kien. mo ta chi tiet. da su dung on dinh. co hoa don,1.67,17,0.104,21,173,3,0,6242200,15.64684,120,15,18,5,1,1
dell xps 13 bao hanh hong,san pham thuoc nhom laptop. ten san pham dell xps 13. co dac diem bao hanh. co dac diem like new. luu y hong. luu y vo. nguon goc ro rang. ngoai hinh dep. co the giao dich truc tiep. da su dung on dinh,2.85,194,0.166,25,201,3,2,12057385,16.30519,45,90,5,1,0,1
sony wh-1000xm5 chinh hang,san pham thuoc nhom tai nghe. ten san pham sony wh-1000xm5. co dac diem chinh hang. co dac diem dep. nguon goc ro rang. thong tin trung thuc. hinh anh that. mo ta chi tiet. co the giao dich truc tiep,4.39,61,0.388,26,199,2,1,24691760,17.02198,120,45,14,1,0,1
iphone 14 pro chinh hang,san pham thuoc nhom dien thoai. ten san pham iphone 14 pro. co dac diem chinh hang. nguon goc ro rang. hinh anh that. co hoa don. mo ta chi tiet. chat luong tot,4.2,173,0.339,24,160,2,0,36981064,17.42592,120,120,12,4,0,1
nikon d750 day du phu kien,san pham thuoc nhom camera. ten san pham nikon d750. co dac diem it dung. co dac diem day du phu kien. nguon goc ro rang. ngoai hinh dep. chat luong tot. co the giao dich truc tiep. hinh anh that,1.83,153,0.448,26,195,4,0,20078115,16.81514,30,90,13,3,0,0
airpods pro chinh hang,san pham thuoc nhom tai nghe. ten san pham airpods pro. co dac diem chinh hang. nguon goc ro rang. chat luong tot. thong tin trung thuc. ho tro kiem tra. ngoai hinh dep,2.59,36,0.007,22,168,3,1,15288509,16.54261,90,45,15,3,0,1
casio gshock day du phu kien,san pham thuoc nhom dong ho. ten san pham casio gshock. co dac diem day du phu kien. co dac diem chinh hang. co dac diem like new. co hoa don. ho tro kiem tra,1.21,119,0.409,28,158,3,0,43901080,17.59745,240,60,2,4,0,0
fujifilm xt30 cu,san pham thuoc nhom camera. ten san pham fujifilm xt30. luu y cu. luu y loi. ngoai hinh dep. nguon goc ro rang. hinh anh that. chat luong tot,1.58,182,0.253,16,141,2,2,4068946,15.21889,30,90,6,5,1,0
xiaomi 13 zin khong bao hanh,san pham thuoc nhom dien thoai. ten san pham xiaomi 13. co dac diem zin. luu y khong bao hanh. chat luong tot. thong tin trung thuc,2.73,131,0.016,28,131,3,2,36824969,17.42169,180,120,18,4,0,0
asus tuf it dung khong ro,san pham thuoc nhom laptop. ten san pham asus tuf. co dac diem it dung. luu y khong ro. thong tin trung thuc. da su dung on dinh,2.1,56,0.019,25,128,1,2,20377965,16.82996,30,30,6,3,0,0
galaxy watch like new,san pham thuoc nhom dong ho. ten san pham galaxy watch. co dac diem like new. nguon goc ro rang. hinh anh that,2.06,123,0.354,21,110,1,0,14753179,16.50697,90,30,21,3,0,0
casio gshock moi,san pham thuoc nhom dong ho. ten san pham casio gshock. co dac diem zin. co dac diem moi. luu y gap. luu y test. ngoai hinh dep. nguon goc ro rang. co hoa don. da su dung on dinh,3.38,229,0.11,16,178,3,2,1541507,14.24827,90,60,8,2,0,1
beats studio buds chinh hang,san pham thuoc nhom tai nghe. ten san pham beats studio buds. co dac diem chinh hang. co dac diem tot. co dac diem moi. luu y mat phu kien. luu y loi. mo ta chi tiet. chat luong tot. nguon goc ro rang,4.7,178,0.244,28,200,3,2,24410041,17.01051,90,120,12,3,0,1
airpods pro cao cap,san pham thuoc nhom tai nghe. ten san pham airpods pro. co dac diem cao cap. hinh anh that. da su dung on dinh. ngoai hinh dep. chat luong tot,2.73,106,0.213,19,142,3,0,2103230,14.55899,60,45,3,2,0,1
seiko 5 like new,san pham thuoc nhom dong ho. ten san pham seiko 5. co dac diem like new. co dac diem moi. ho tro kiem tra. nguon goc ro rang. thong tin trung thuc,3.37,218,0.037,16,146,2,1,5559293,15.53098,30,120,0,1,0,1
apple watch it dung,san pham thuoc nhom dong ho. ten san pham apple watch. co dac diem it dung. co dac diem cao cap. co dac diem bao hanh. luu y hong. nguon goc ro rang. co hoa don,4.93,93,0.305,19,160,3,1,47025156,17.66619,60,120,18,0,0,1
galaxy buds,san pham thuoc nhom tai nghe. ten san pham galaxy buds. luu y loi. luu y hong. nguon goc ro rang. da su dung on dinh. chat luong tot,1.43,151,0.131,11,132,1,2,35355134,17.38095,30,90,9,1,0,0
nikon d750 dep,san pham thuoc nhom camera. ten san pham nikon d750. co dac diem dep. luu y loi. hinh anh that. da su dung on dinh. ho tro kiem tra. chat luong tot,1.65,121,0.365,14,147,2,1,24125433,16.99878,120,45,9,5,1,0
seiko 5 moi,san pham thuoc nhom dong ho. ten san pham seiko 5. co dac diem moi. co dac diem cao cap. co dac diem nguyen seal. chat luong tot. nguon goc ro rang. ngoai hinh dep,1.15,15,0.264,11,163,5,0,7949930,15.88867,45,15,14,1,0,0
samsung s23 like new,san pham thuoc nhom dien thoai. ten san pham samsung s23. co dac diem tot. co dac diem like new. da su dung on dinh. co the giao dich truc tiep. co hoa don. ho tro kiem tra. ngoai hinh dep,4.58,167,0.015,20,188,3,0,10554614,16.17207,90,30,11,0,0,1
beats studio buds cao cap,san pham thuoc nhom tai nghe. ten san pham beats studio buds. co dac diem cao cap. chat luong tot. nguon goc ro rang. ho tro kiem tra. thong tin trung thuc,4.87,108,0.296,25,155,2,1,38071784,17.45498,240,120,5,0,0,1
dell xps 13 nguyen seal,san pham thuoc nhom laptop. ten san pham dell xps 13. co dac diem nguyen seal. nguon goc ro rang. mo ta chi tiet,3.05,126,0.431,23,112,1,0,13623129,16.42728,180,30,13,0,0,1
galaxy buds zin,san pham thuoc nhom tai nghe. ten san pham galaxy buds. co dac diem chinh hang. co dac diem fullbox. co dac diem zin. mo ta chi tiet. nguon goc ro rang. ho tro kiem tra,3.72,219,0.331,15,168,3,0,33938710,17.34007,60,90,12,4,0,1
sony a6400 chinh hang,san pham thuoc nhom camera. ten san pham sony a6400. co dac diem chinh hang. luu y cu. luu y gap. hinh anh that. co hoa don. ho tro kiem tra. thong tin trung thuc. mo ta chi tiet,3.36,247,0.356,21,178,1,3,31894334,17.27794,240,60,14,4,0,0
sony wh-1000xm5 cao cap,san pham thuoc nhom tai nghe. ten san pham sony wh-1000xm5. co dac diem cao cap. thong tin trung thuc. co hoa don. da su dung on dinh,2.06,135,0.103,23,133,1,1,14934808,16.51921,240,60,7,3,0,0
iphone 13 chinh hang,san pham thuoc nhom dien thoai. ten san pham iphone 13. co dac diem dep. co dac diem day du phu kien. co dac diem chinh hang. thong tin trung thuc. hinh anh that. chat luong tot. co hoa don,1.85,169,0.249,20,189,4,1,7826015,15.87296,240,30,12,4,0,1
hp spectre fullbox,san pham thuoc nhom laptop. ten san pham hp spectre. co dac diem day du phu kien. co dac diem fullbox. chat luong tot. hinh anh that. co the giao dich truc tiep,1.52,191,0.329,18,160,3,0,11392916,16.2485,180,45,21,2,0,1
galaxy watch moi,san pham thuoc nhom dong ho. ten san pham galaxy watch. co dac diem moi. co dac diem it dung. nguon goc ro rang. co the giao dich truc tiep,4.41,0,0.429,16,139,2,0,4477995,15.31469,240,45,5,0,0,1
airpods pro dep,san pham thuoc nhom tai nghe. ten san pham airpods pro. co dac diem dep. co dac diem zin. luu y test. co the giao dich truc tiep. ho tro kiem tra. thong tin trung thuc. nguon goc ro rang,1.71,206,0.085,15,186,2,2,16845732,16.63961,180,15,19,6,1,0
iphone 13 dep,san pham thuoc nhom dien thoai. ten san pham iphone 13. co dac diem dep. ho tro kiem tra. hinh anh that. thong tin trung thuc. da su dung on dinh. mo ta chi tiet,4.17,110,0.047,13,161,1,1,34437907,17.35467,240,60,6,1,0,1
apple watch zin cu,san pham thuoc nhom dong ho. ten san pham apple watch. co dac diem cao cap. co dac diem zin. co dac diem dep. luu y cu. hinh anh that. thong tin trung thuc. chat luong tot,1.75,146,0.16,18,171,4,2,44649224,17.61435,60,120,10,3,0,0
samsung s23 dep,san pham thuoc nhom dien thoai. ten san pham samsung s23. co dac diem fullbox. co dac diem tot. co dac diem dep. thong tin trung thuc. nguon goc ro rang,2.89,141,0.448,15,152,3,1,48764571,17.70251,240,45,3,4,0,0
sony wh-1000xm5 moi hong,san pham thuoc nhom tai nghe. ten san pham sony wh-1000xm5. co dac diem moi. luu y hong. co hoa don. da su dung on dinh. nguon goc ro rang,2.12,217,0.185,24,138,1,1,5042714,15.43346,120,45,2,3,0,0
beats studio buds,san pham thuoc nhom tai nghe. ten san pham beats studio buds. luu y khong bao hanh. luu y xuoc. ngoai hinh dep. co the giao dich truc tiep. ho tro kiem tra,1.45,249,0.119,17,155,2,3,22449942,16.9268,60,15,5,4,0,0
iphone 14 pro,san pham thuoc nhom dien thoai. ten san pham iphone 14 pro. ngoai hinh dep. thong tin trung thuc,2.19,141,0.296,13,96,1,1,6790126,15.73098,90,15,9,3,0,0
galaxy buds fullbox,san pham thuoc nhom tai nghe. ten san pham galaxy buds. co dac diem fullbox. co dac diem tot. chat luong tot. hinh anh that,2.88,92,0.183,19,123,2,0,7223329,15.79283,60,30,18,4,0,1
macbook air m1 tot,san pham thuoc nhom laptop. ten san pham macbook air m1. co dac diem tot. chat luong tot. mo ta chi tiet,3.91,32,0.076,18,104,1,0,45848318,17.64085,120,30,13,0,0,1
sony wh-1000xm5 like new,san pham thuoc nhom tai nghe. ten san pham sony wh-1000xm5. co dac diem day du phu kien. co dac diem like new. ngoai hinh dep. co hoa don. ho tro kiem tra,1.54,249,0.266,24,154,3,0,38861183,17.47551,60,45,7,4,0,1
xiaomi 13 chinh hang,san pham thuoc nhom dien thoai. ten san pham xiaomi 13. co dac diem chinh hang. thong tin trung thuc. mo ta chi tiet. co hoa don. ho tro kiem tra. co the giao dich truc tiep,3.31,208,0.288,20,173,1,1,8101535,15.90756,180,30,4,5,1,0
macbook air m1 like new,san pham thuoc nhom laptop. ten san pham macbook air m1. co dac diem bao hanh. co dac diem like new. thong tin trung thuc. hinh anh that,3.61,183,0.05,23,136,2,1,46772810,17.66081,30,60,3,2,0,1
thinkpad x1 it dung,san pham thuoc nhom laptop. ten san pham thinkpad x1. co dac diem nguyen seal. co dac diem it dung. luu y can sua. chat luong tot. mo ta chi tiet. nguon goc ro rang. co the giao dich truc tiep,2.56,48,0.391,19,192,3,1,44496439,17.61092,45,60,15,2,0,0
airpods pro chinh hang,san pham thuoc nhom tai nghe. ten san pham airpods pro. co dac diem chinh hang. mo ta chi tiet. da su dung on dinh. co the giao dich truc tiep. nguon goc ro rang,1.56,71,0.08,22,161,1,0,973929,13.78909,90,90,2,4,0,0
sony wh-1000xm5 moi,san pham thuoc nhom tai nghe. ten san pham sony wh-1000xm5. co dac diem moi. co hoa don. nguon goc ro rang. chat luong tot. co the giao dich truc tiep. mo ta chi tiet,4.62,4,0.351,19,166,2,0,43350005,17.58482,90,60,7,4,0,1
macbook air m1 moi,san pham thuoc nhom laptop. ten san pham macbook air m1. co dac diem moi. ngoai hinh dep. co hoa don. da su dung on dinh. hinh anh that,1.25,245,0.398,18,135,2,0,16238387,16.60289,60,45,7,6,1,1
sony a6400 bao hanh,san pham thuoc nhom camera. ten san pham sony a6400. co dac diem chinh hang. co dac diem bao hanh. luu y hong. luu y khong bao hanh. chat luong tot. mo ta chi tiet,1.75,187,0.138,19,163,3,2,28561112,17.16756,60,120,8,4,0,0
casio gshock,san pham thuoc nhom dong ho. ten san pham casio gshock. mo ta chi tiet. ho tro kiem tra. hinh anh that,4.43,91,0.212,12,102,0,0,16234452,16.60265,120,45,15,1,0,1
canon eos like new,san pham thuoc nhom camera. ten san pham canon eos. co dac diem bao hanh. co dac diem like new. mo ta chi tiet. chat luong tot,2.65,189,0.033,18,126,3,0,45748502,17.63867,120,60,22,1,0,1
thinkpad x1 chinh hang,san pham thuoc nhom laptop. ten san pham thinkpad x1. co dac diem chinh hang. co hoa don. chat luong tot,4.57,23,0.153,22,104,2,0,15935306,16.58405,120,15,2,6,1,1
sony a6400,san pham thuoc nhom camera. ten san pham sony a6400. hinh anh that. chat luong tot. mo ta chi tiet,4.18,227,0.149,10,98,1,0,6003239,15.60781,120,90,7,4,0,1
casio gshock dep,san pham thuoc nhom dong ho. ten san pham casio gshock. co dac diem dep. co dac diem bao hanh. co dac diem chinh hang. luu y khong ro. co hoa don. mo ta chi tiet,1.69,40,0.105,16,161,3,2,3083600,14.94161,180,30,6,6,1,0
dell xps 13 like new,san pham thuoc nhom laptop. ten san pham dell xps 13. co dac diem like new. co dac diem tot. co the giao dich truc tiep. mo ta chi tiet,2.47,193,0.396,20,135,2,0,20155388,16.81898,240,120,13,1,0,1
asus tuf chinh hang,san pham thuoc nhom laptop. ten san pham asus tuf. co dac diem chinh hang. co the giao dich truc tiep. thong tin trung thuc. nguon goc ro rang. ngoai hinh dep. hinh anh that,1.61,27,0.196,19,173,2,1,47005235,17.66577,240,30,8,5,1,0
nikon d750 tot,san pham thuoc nhom camera. ten san pham nikon d750. co dac diem tot. co dac diem dep. co dac diem it dung. da su dung on dinh. nguon goc ro rang. chat luong tot. ngoai hinh dep. thong tin trung thuc,2.04,54,0.417,14,199,3,1,1394039,14.14772,45,60,9,3,0,0
apple watch it dung,san pham thuoc nhom dong ho. ten san pham apple watch. co dac diem it dung. co dac diem bao hanh. co dac diem chinh hang. ngoai hinh dep. chat luong tot,2.58,166,0.261,19,152,5,0,49550321,17.7185,240,30,1,4,0,1
thinkpad x1 tot,san pham thuoc nhom laptop. ten san pham thinkpad x1. co dac diem tot. ngoai hinh dep. thong tin trung thuc. co the giao dich truc tiep,2.36,137,0.042,15,135,2,1,17574821,16.68198,60,90,4,6,1,0
seiko 5 fullbox,san pham thuoc nhom dong ho. ten san pham seiko 5. co dac diem like new. co dac diem cao cap. co dac diem fullbox. thong tin trung thuc. chat luong tot. co the giao dich truc tiep,2.69,162,0.246,15,179,4,1,49558967,17.71867,240,45,14,1,0,1
airpods pro,san pham thuoc nhom tai nghe. ten san pham airpods pro. hinh anh that. thong tin trung thuc,1.33,42,0.341,11,91,0,1,42800976,17.57207,120,15,2,5,1,0
xiaomi 13 nguyen seal,san pham thuoc nhom dien thoai. ten san pham xiaomi 13. co dac diem nguyen seal. co dac diem chinh hang. ho tro kiem tra. thong tin trung thuc. da su dung on dinh,3.69,203,0.411,21,162,2,1,43375954,17.58542,60,45,8,1,0,0
hp spectre moi,san pham thuoc nhom laptop. ten san pham hp spectre. co dac diem moi. co dac diem zin. nguon goc ro rang. co hoa don. hinh anh that,2.26,120,0.018,14,131,2,0,29221546,17.19042,90,15,1,4,0,0
sony wh-1000xm5 fullbox,san pham thuoc nhom tai nghe. ten san pham sony wh-1000xm5. co dac diem fullbox. ngoai hinh dep. nguon goc ro rang. da su dung on dinh. mo ta chi tiet,3.25,60,0.186,23,150,2,0,18129750,16.71306,120,30,10,2,0,1
galaxy buds day du phu kien,san pham thuoc nhom tai nghe. ten san pham galaxy buds. co dac diem day du phu kien. co dac diem chinh hang. co dac diem dep. luu y khong ro. da su dung on dinh. mo ta chi tiet,1.96,154,0.385,27,176,3,2,37514353,17.44023,90,90,11,6,1,0
sony a6400 chinh hang,san pham thuoc nhom camera. ten san pham sony a6400. co dac diem chinh hang. co hoa don. ngoai hinh dep. co the giao dich truc tiep. thong tin trung thuc. da su dung on dinh,3.95,66,0.282,21,173,2,1,17408487,16.67247,240,120,5,4,0,1
galaxy watch like new,san pham thuoc nhom dong ho. ten san pham galaxy watch. co dac diem like new. co dac diem dep. co hoa don. mo ta chi tiet. nguon goc ro rang. ho tro kiem tra. hinh anh that,1.57,102,0.279,21,172,2,0,19857255,16.80408,180,30,16,4,0,0
beats studio buds day du phu kien,san pham thuoc nhom tai nghe. ten san pham beats studio buds. co dac diem day du phu kien. ngoai hinh dep. da su dung on dinh. mo ta chi tiet. hinh anh that,2.24,199,0.113,33,156,2,0,31051965,17.25117,240,15,12,2,0,1
galaxy watch moi hong,san pham thuoc nhom dong ho. ten san pham galaxy watch. co dac diem moi. luu y hong. ho tro kiem tra. ngoai hinh dep. nguon goc ro rang. chat luong tot,1.77,221,0.41,21,151,3,1,1611227,14.29251,180,15,15,3,0,0
galaxy buds dep hong,san pham thuoc nhom tai nghe. ten san pham galaxy buds. co dac diem dep. co dac diem it dung. luu y hong. luu y vo. ho tro kiem tra. nguon goc ro rang. chat luong tot. co hoa don,4.33,15,0.303,20,178,3,2,22862249,16.945,30,45,21,5,1,0
sony wh-1000xm5 nguyen seal,san pham thuoc nhom tai nghe. ten san pham sony wh-1000xm5. co dac diem nguyen seal. thong tin trung thuc. ho tro kiem tra. co the giao dich truc tiep. mo ta chi tiet,3.91,206,0.064,27,166,1,1,6906892,15.74803,30,15,22,4,0,1
apple watch like new,san pham thuoc nhom dong ho. ten san pham apple watch. co dac diem like new. co dac diem it dung. chat luong tot. mo ta chi tiet. nguon goc ro rang,2.62,82,0.45,20,147,3,0,2681415,14.80186,90,15,23,0,0,1
fujifilm xt30 fullbox,san pham thuoc nhom camera. ten san pham fujifilm xt30. co dac diem day du phu kien. co dac diem fullbox. ngoai hinh dep. thong tin trung thuc. hinh anh that. chat luong tot. co the giao dich truc tiep,1.83,6,0.449,21,201,4,1,2022881,14.52003,120,15,10,6,1,0
sony a6400 like new,san pham thuoc nhom camera. ten san pham sony a6400. co dac diem chinh hang. co dac diem like new. co dac diem day du phu kien. chat luong tot. co hoa don. ngoai hinh dep. da su dung on dinh. thong tin trung thuc,1.48,185,0.409,19,212,5,1,256299,12.4541,120,120,6,3,0,0
sony wh-1000xm5 cao cap,san pham thuoc nhom tai nghe. ten san pham sony wh-1000xm5. co dac diem tot. co dac diem fullbox. co dac diem cao cap. co the giao dich truc tiep. ngoai hinh dep. co hoa don. thong tin trung thuc,1.93,135,0.215,23,195,4,1,1820073,14.41439,120,30,13,1,0,0
thinkpad x1 like new,san pham thuoc nhom laptop. ten san pham thinkpad x1. co dac diem fullbox. co dac diem like new. ho tro kiem tra. thong tin trung thuc. da su dung on dinh. hinh anh that,1.37,239,0.016,20,169,2,1,49088274,17.70913,60,30,16,4,0,0
samsung s23 like new cu,san pham thuoc nhom dien thoai. ten san pham samsung s23. co dac diem nguyen seal. co dac diem like new. luu y cu. co the giao dich truc tiep. nguon goc ro rang,2.71,216,0.008,23,160,2,1,2879210,14.87303,45,15,16,1,0,1
apple watch bao hanh,san pham thuoc nhom dong ho. ten san pham apple watch. co dac diem day du phu kien. co dac diem bao hanh. co dac diem zin. luu y loi. co the giao dich truc tiep. nguon goc ro rang. mo ta chi tiet,2.02,87,0.16,20,195,3,1,28892949,17.17911,120,90,5,3,0,0
seiko 5 bao hanh,san pham thuoc nhom dong ho. ten san pham seiko 5. co dac diem bao hanh. co hoa don. hinh anh that. co the giao dich truc tiep. chat luong tot,2.22,141,0.002,16,142,2,0,35470721,17.38422,90,30,10,2,0,1
sony a6400 cao cap,san pham thuoc nhom camera. ten san pham sony a6400. co dac diem cao cap. hinh anh that. co the giao dich truc tiep,3.67,115,0.311,18,115,1,0,1261595,14.04789,120,15,16,2,0,1
canon eos chinh hang,san pham thuoc nhom camera. ten san pham canon eos. co dac diem bao hanh. co dac diem chinh hang. co dac diem zin. da su dung on dinh. thong tin trung thuc. ngoai hinh dep,4.48,168,0.133,20,171,4,1,37140973,17.43023,180,90,19,5,1,1
apple watch nguyen seal,san pham thuoc nhom dong ho. ten san pham apple watch. co dac diem dep. co dac diem nguyen seal. co dac diem tot. nguon goc ro rang. ho tro kiem tra. co the giao dich truc tiep,2.18,197,0.225,23,176,3,0,20826454,16.85173,120,90,6,1,0,1
iphone 14 pro moi,san pham thuoc nhom dien thoai. ten san pham iphone 14 pro. co dac diem like new. co dac diem moi. co dac diem bao hanh. luu y can sua. da su dung on dinh. hinh anh that,4.96,121,0.07,17,169,3,1,43015743,17.57708,30,60,13,0,0,1
thinkpad x1 it dung test,san pham thuoc nhom laptop. ten san pham thinkpad x1. co dac diem it dung. luu y vo. luu y test. ngoai hinh dep. nguon goc ro rang. hinh anh that,4.34,72,0.373,24,145,2,2,23181276,16.95886,90,120,3,1,0,1
fujifilm xt30 bao hanh,san pham thuoc nhom camera. ten san pham fujifilm xt30. co dac diem bao hanh. ngoai hinh dep. nguon goc ro rang. da su dung on dinh. ho tro kiem tra,2.06,200,0.248,22,148,2,0,38497559,17.46611,90,45,13,5,1,0
macbook air m1 fullbox,san pham thuoc nhom laptop. ten san pham macbook air m1. co dac diem fullbox. co dac diem cao cap. luu y mo ta so sai. thong tin trung thuc. ho tro kiem tra. co the giao dich truc tiep. nguon goc ro rang,4.37,198,0.12,22,203,2,2,36387308,17.40973,45,30,18,6,1,1
nikon d750 bao hanh,san pham thuoc nhom camera. ten san pham nikon d750. co dac diem chinh hang. co dac diem bao hanh. hinh anh that. thong tin trung thuc. da su dung on dinh,3.4,232,0.398,19,154,2,1,4251347,15.26275,30,15,12,4,0,0
iphone 14 pro it dung,san pham thuoc nhom dien thoai. ten san pham iphone 14 pro. co dac diem chinh hang. co dac diem it dung. co dac diem fullbox. thong tin trung thuc. co hoa don,1.32,161,0.273,21,158,3,1,49558245,17.71866,60,15,14,3,0,0
sony a6400 cao cap,san pham thuoc nhom camera. ten san pham sony a6400. co dac diem cao cap. co dac diem day du phu kien. co dac diem bao hanh. luu y hong. luu y khong bao hanh. hinh anh that. chat luong tot. ngoai hinh dep. mo ta chi tiet,3.4,100,0.073,18,220,5,2,47986892,17.68644,90,30,23,3,0,1
galaxy watch fullbox,san pham thuoc nhom dong ho. ten san pham galaxy watch. co dac diem dep. co dac diem fullbox. da su dung on dinh. hinh anh that. nguon goc ro rang. co hoa don. ho tro kiem tra,4.73,17,0.346,20,175,2,0,17736264,16.69112,30,60,16,5,1,1
iphone 14 pro fullbox,san pham thuoc nhom dien thoai. ten san pham iphone 14 pro. co dac diem fullbox. ho tro kiem tra. nguon goc ro rang. mo ta chi tiet. ngoai hinh dep,4.66,102,0.049,21,147,2,0,36603219,17.41565,30,60,0,1,0,1
macbook air m1,san pham thuoc nhom laptop. ten san pham macbook air m1. co the giao dich truc tiep. mo ta chi tiet. da su dung on dinh. thong tin trung thuc. co hoa don,4.92,81,0.06,14,153,0,1,33319090,17.32164,120,90,11,3,0,1
asus tuf,san pham thuoc nhom laptop. ten san pham asus tuf. co hoa don. thong tin trung thuc. hinh anh that. ho tro kiem tra,4.84,221,0.26,8,115,0,1,3256839,14.99627,45,60,9,4,0,0
xiaomi 13 like new,san pham thuoc nhom dien thoai. ten san pham xiaomi 13. co dac diem like new. luu y cu. luu y vo. chat luong tot. ngoai hinh dep. co the giao dich truc tiep. thong tin trung thuc. mo ta chi tiet,3.96,127,0.3,18,194,3,3,11479860,16.2561,45,15,0,6,1,0
xiaomi 13 fullbox,san pham thuoc nhom dien thoai. ten san pham xiaomi 13. co dac diem bao hanh. co dac diem fullbox. co dac diem like new. nguon goc ro rang. ngoai hinh dep. ho tro kiem tra. chat luong tot. mo ta chi tiet,4.14,175,0.273,17,203,5,0,15744381,16.57199,240,60,7,6,1,1
macbook air m1 cao cap,san pham thuoc nhom laptop. ten san pham macbook air m1. co dac diem cao cap. co dac diem nguyen seal. co dac diem day du phu kien. mo ta chi tiet. chat luong tot. hinh anh that. thong tin trung thuc,4.14,150,0.245,22,199,4,1,42774868,17.57146,90,60,21,0,0,1
xiaomi 13 day du phu kien,san pham thuoc nhom dien thoai. ten san pham xiaomi 13. co dac diem day du phu kien. co dac diem dep. co dac diem bao hanh. hinh anh that. da su dung on dinh. nguon goc ro rang. thong tin trung thuc,3.64,43,0.081,25,198,3,1,42273214,17.55966,60,45,21,1,0,1
casio gshock,san pham thuoc nhom dong ho. ten san pham casio gshock. co the giao dich truc tiep. co hoa don. da su dung on dinh. ngoai hinh dep. thong tin trung thuc,3.93,133,0.293,12,152,1,1,11741352,16.27863,30,90,4,2,0,1
apple watch cao cap,san pham thuoc nhom dong ho. ten san pham apple watch. co dac diem cao cap. co dac diem moi. thong tin trung thuc. ngoai hinh dep. co hoa don. da su dung on dinh. chat luong tot,4.47,243,0.071,19,177,4,1,2585918,14.76559,240,45,1,4,0,1
hp spectre it dung,san pham thuoc nhom laptop. ten san pham hp spectre. co dac diem it dung. luu y khong ro. nguon goc ro rang. co hoa don. ho tro kiem tra. da su dung on dinh,3.94,131,0.249,18,156,1,2,4480343,15.31521,180,15,9,2,0,0
fujifilm xt30 cao cap,san pham thuoc nhom camera. ten san pham fujifilm xt30. co dac diem chinh hang. co dac diem cao cap. co dac diem zin. luu y loi. ngoai hinh dep. da su dung on dinh. chat luong tot,2.56,50,0.243,21,179,5,1,44122185,17.60247,45,15,19,3,0,0
oppo find x5,san pham thuoc nhom dien thoai. ten san pham oppo find x5. chat luong tot. ngoai hinh dep. thong tin trung thuc. mo ta chi tiet. co hoa don,1.6,159,0.259,12,139,2,1,29340641,17.19448,120,60,22,6,1,0
dell xps 13 chinh hang,san pham thuoc nhom laptop. ten san pham dell xps 13. co dac diem it dung. co dac diem chinh hang. da su dung on dinh. nguon goc ro rang,3.73,202,0.107,22,136,2,0,3531072,15.07711,180,45,0,5,1,1
beats studio buds cao cap,san pham thuoc nhom tai nghe. ten san pham beats studio buds. co dac diem cao cap. hinh anh that. co the giao dich truc tiep,1.67,230,0.244,25,124,1,0,23043609,16.9529,240,45,8,2,0,0
fujifilm xt30 nguyen seal,san pham thuoc nhom camera. ten san pham fujifilm xt30. co dac diem bao hanh. co dac diem nguyen seal. mo ta chi tiet. nguon goc ro rang. co hoa don,4.16,212,0.39,25,148,2,0,13107224,16.38867,120,90,3,2,0,1
airpods pro dep khong bao hanh,san pham thuoc nhom tai nghe. ten san pham airpods pro. co dac diem bao hanh. co dac diem dep. luu y khong bao hanh. nguon goc ro rang. thong tin trung thuc. da su dung on dinh. co hoa don. co the giao dich truc tiep,4.47,56,0.154,30,216,2,2,40847999,17.52537,240,120,11,0,0,0
canon eos chinh hang,san pham thuoc nhom camera. ten san pham canon eos. co dac diem nguyen seal. co dac diem chinh hang. da su dung on dinh. ngoai hinh dep. ho tro kiem tra. hinh anh that,3.44,193,0.219,20,167,3,0,45690944,17.63741,60,45,7,0,0,1
canon eos cao cap,san pham thuoc nhom camera. ten san pham canon eos. co dac diem tot. co dac diem fullbox. co dac diem cao cap. luu y cu. mo ta chi tiet. ngoai hinh dep,4.33,85,0.262,17,151,4,1,18111262,16.71204,240,15,2,6,1,1
casio gshock,san pham thuoc nhom dong ho. ten san pham casio gshock. ho tro kiem tra. thong tin trung thuc,1.81,55,0.328,12,93,0,1,24619234,17.01904,120,30,13,3,0,0
canon eos nguyen seal,san pham thuoc nhom camera. ten san pham canon eos. co dac diem nguyen seal. thong tin trung thuc. co hoa don,4.81,38,0.314,21,109,1,1,43221940,17.58186,240,15,9,6,1,1
samsung s23 dep,san pham thuoc nhom dien thoai. ten san pham samsung s23. co dac diem dep. ngoai hinh dep. hinh anh that. nguon goc ro rang. da su dung on dinh. mo ta chi tiet,1.03,92,0.058,15,159,1,0,34561120,17.35824,120,90,11,3,0,0
dell xps 13 it dung,san pham thuoc nhom laptop. ten san pham dell xps 13. co dac diem day du phu kien. co dac diem it dung. luu y hong. chat luong tot. ngoai hinh dep. thong tin trung thuc. nguon goc ro rang. da su dung on dinh,4.45,35,0.222,19,207,4,1,22725449,16.939,120,45,23,5,1,1
beats studio buds moi xuoc,san pham thuoc nhom tai nghe. ten san pham beats studio buds. co dac diem nguyen seal. co dac diem tot. co dac diem moi. luu y xuoc. da su dung on dinh. ho tro kiem tra,1.1,238,0.383,26,168,3,1,2694236,14.80663,30,30,9,2,0,0
sony a6400,san pham thuoc nhom camera. ten san pham sony a6400. ho tro kiem tra. thong tin trung thuc,1.28,1,0.146,10,90,0,1,32297768,17.29051,30,90,6,5,1,0
sony a6400 dep,san pham thuoc nhom camera. ten san pham sony a6400. co dac diem moi. co dac diem dep. thong tin trung thuc. chat luong tot. nguon goc ro rang. mo ta chi tiet. ho tro kiem tra,4.96,56,0.19,14,175,3,1,42819943,17.57251,240,60,23,2,0,1
macbook air m1 it dung,san pham thuoc nhom laptop. ten san pham macbook air m1. co dac diem it dung. luu y khong ro. mo ta chi tiet. co the giao dich truc tiep. thong tin trung thuc. da su dung on dinh,4.25,181,0.245,22,178,1,2,7154224,15.78321,180,30,6,6,1,0
hp spectre chinh hang,san pham thuoc nhom laptop. ten san pham hp spectre. co dac diem chinh hang. luu y mo ta so sai. da su dung on dinh. hinh anh that,4.54,133,0.11,21,130,1,1,17658719,16.68674,90,30,6,5,1,1
airpods pro day du phu kien,san pham thuoc nhom tai nghe. ten san pham airpods pro. co dac diem day du phu kien. co dac diem dep. luu y khong ro. nguon goc ro rang. ho tro kiem tra. chat luong tot,2.86,66,0.336,27,168,3,2,24423093,17.01104,120,120,8,3,0,0
hp spectre dep,san pham thuoc nhom laptop. ten san pham hp spectre. co dac diem tot. co dac diem fullbox. co dac diem dep. da su dung on dinh. ngoai hinh dep. mo ta chi tiet. ho tro kiem tra. hinh anh that,2.57,140,0.391,14,190,3,0,48253564,17.69198,90,15,20,3,0,1
galaxy watch it dung,san pham thuoc nhom dong ho. ten san pham galaxy watch. co dac diem it dung. luu y vo. ho tro kiem tra. nguon goc ro rang,1.69,147,0.43,20,121,1,1,41309147,17.53659,45,120,13,1,0,0
casio gshock cao cap,san pham thuoc nhom dong ho. ten san pham casio gshock. co dac diem cao cap. co dac diem moi. mo ta chi tiet. nguon goc ro rang. ho tro kiem tra,3.61,179,0.434,20,144,2,0,38812425,17.47425,240,90,6,2,0,1
galaxy buds cao cap,san pham thuoc nhom tai nghe. ten san pham galaxy buds. co dac diem cao cap. mo ta chi tiet. nguon goc ro rang. da su dung on dinh. ngoai hinh dep. co the giao dich truc tiep,4.77,146,0.15,19,174,2,0,17088688,16.65393,120,60,19,5,1,1
asus tuf tot,san pham thuoc nhom laptop. ten san pham asus tuf. co dac diem tot. co dac diem zin. luu y hong. co the giao dich truc tiep. nguon goc ro rang. hinh anh that. ngoai hinh dep. thong tin trung thuc,3.67,152,0.211,12,195,3,1,35416375,17.38268,90,120,3,1,0,1
sony wh-1000xm5 dep,san pham thuoc nhom tai nghe. ten san pham sony wh-1000xm5. co dac diem dep. co dac diem like new. hinh anh that. co the giao dich truc tiep. nguon goc ro rang,4.17,101,0.328,19,159,2,0,48778371,17.7028,240,15,17,1,0,1
samsung s23 zin,san pham thuoc nhom dien thoai. ten san pham samsung s23. co dac diem cao cap. co dac diem zin. mo ta chi tiet. ho tro kiem tra. ngoai hinh dep. co the giao dich truc tiep,1.95,136,0.177,15,171,3,0,4135655,15.23516,240,15,6,0,0,1
sony wh-1000xm5 tot,san pham thuoc nhom tai nghe. ten san pham sony wh-1000xm5. co dac diem tot. co dac diem it dung. co dac diem nguyen seal. co the giao dich truc tiep. ho tro kiem tra. nguon goc ro rang. thong tin trung thuc. ngoai hinh dep,3.28,237,0.39,19,223,4,1,1582805,14.27471,240,30,20,4,0,1
nikon d750 zin,san pham thuoc nhom camera. ten san pham nikon d750. co dac diem like new. co dac diem zin. hinh anh that. mo ta chi tiet. thong tin trung thuc,3.31,120,0.037,14,143,2,1,46138591,17.64716,120,60,2,4,0,1
asus tuf,san pham thuoc nhom laptop. ten san pham asus tuf. co the giao dich truc tiep. mo ta chi tiet. nguon goc ro rang,1.47,175,0.416,8,112,0,0,30943213,17.24766,90,60,21,1,0,0
canon eos fullbox,san pham thuoc nhom camera. ten san pham canon eos. co dac diem fullbox. hinh anh that. co the giao dich truc tiep. thong tin trung thuc,2.79,185,0.154,17,136,1,1,49883677,17.7252,120,60,7,1,0,1
macbook air m1 day du phu kien,san pham thuoc nhom laptop. ten san pham macbook air m1. co dac diem day du phu kien. ngoai hinh dep. hinh anh that. nguon goc ro rang,2.82,224,0.299,30,134,2,0,20280984,16.82519,240,90,3,1,0,1
sony wh-1000xm5 dep,san pham thuoc nhom tai nghe. ten san pham sony wh-1000xm5. co dac diem dep. ho tro kiem tra. hinh anh that. thong tin trung thuc,4.93,38,0.268,19,129,1,1,25254541,17.04452,45,15,18,1,0,1
galaxy buds fullbox,san pham thuoc nhom tai nghe. ten san pham galaxy buds. co dac diem fullbox. co dac diem cao cap. luu y hong. nguon goc ro rang. chat luong tot. hinh anh that. da su dung on dinh,1.39,248,0.204,19,178,3,1,9571339,16.07428,60,30,13,2,0,0
nikon d750 bao hanh vo,san pham thuoc nhom camera. ten san pham nikon d750. co dac diem bao hanh. luu y vo. hinh anh that. nguon goc ro rang. chat luong tot,4.72,108,0.055,22,133,2,1,41271697,17.53569,45,60,7,4,0,1
iphone 14 pro fullbox,san pham thuoc nhom dien thoai. ten san pham iphone 14 pro. co dac diem it dung. co dac diem fullbox. thong tin trung thuc. hinh anh that. da su dung on dinh. co the giao dich truc tiep. chat luong tot,1.51,72,0.239,21,201,3,1,7233311,15.79421,60,45,8,6,1,0
iphone 14 pro chinh hang hong,san pham thuoc nhom dien thoai. ten san pham iphone 14 pro. co dac diem chinh hang. co dac diem like new. luu y hong. chat luong tot. thong tin trung thuc. ho tro kiem tra. mo ta chi tiet. nguon goc ro rang,3.49,94,0.199,29,206,3,1,45487295,17.63294,240,45,11,2,0,1
thinkpad x1 bao hanh mat phu kien,san pham thuoc nhom laptop. ten san pham thinkpad x1. co dac diem bao hanh. luu y mat phu kien. ngoai hinh dep. hinh anh that,4.08,204,0.353,33,125,2,1,8280017,15.92936,30,30,0,6,1,1
galaxy watch fullbox,san pham thuoc nhom dong ho. ten san pham galaxy watch. co dac diem fullbox. da su dung on dinh. ngoai hinh dep. hinh anh that,3.18,132,0.044,20,126,2,0,48822243,17.7037,180,45,14,0,0,1
iphone 13 zin test,san pham thuoc nhom dien thoai. ten san pham iphone 13. co dac diem zin. co dac diem fullbox. co dac diem like new. luu y test. hinh anh that. chat luong tot. mo ta chi tiet,2.33,248,0.022,18,173,4,1,19358918,16.77866,60,90,8,3,0,1
galaxy watch chinh hang,san pham thuoc nhom dong ho. ten san pham galaxy watch. co dac diem chinh hang. ho tro kiem tra. ngoai hinh dep. thong tin trung thuc,2.79,180,0.193,23,133,2,1,17079589,16.65339,90,15,6,0,0,1
sony wh-1000xm5 tot,san pham thuoc nhom tai nghe. ten san pham sony wh-1000xm5. co dac diem like new. co dac diem tot. co dac diem day du phu kien. luu y xuoc. da su dung on dinh. thong tin trung thuc. nguon goc ro rang. hinh anh that. chat luong tot,3.34,134,0.108,19,230,3,2,9325922,16.04831,180,60,0,0,0,0
beats studio buds nguyen seal,san pham thuoc nhom tai nghe. ten san pham beats studio buds. co dac diem nguyen seal. co the giao dich truc tiep. hinh anh that,2.79,124,0.3,29,128,1,0,8393203,15.94293,60,15,0,5,1,1
sony a6400 tot,san pham thuoc nhom camera. ten san pham sony a6400. co dac diem fullbox. co dac diem tot. luu y khong ro. luu y mo ta so sai. mo ta chi tiet. co the giao dich truc tiep. ho tro kiem tra. da su dung on dinh,1.69,65,0.275,14,206,2,3,33727646,17.33383,30,90,9,5,1,0
seiko 5 zin,san pham thuoc nhom dong ho. ten san pham seiko 5. co dac diem zin. co dac diem cao cap. mo ta chi tiet. chat luong tot,3.36,175,0.054,11,119,3,0,27871742,17.14312,90,90,17,5,1,1
seiko 5 moi,san pham thuoc nhom dong ho. ten san pham seiko 5. co dac diem zin. co dac diem moi. co dac diem chinh hang. thong tin trung thuc. co hoa don. mo ta chi tiet. co the giao dich truc tiep. da su dung on dinh,4.05,111,0.082,11,205,3,1,49507082,17.71763,180,90,21,4,0,1
canon eos chinh hang,san pham thuoc nhom camera. ten san pham canon eos. co dac diem chinh hang. co dac diem fullbox. co dac diem moi. nguon goc ro rang. hinh anh that. mo ta chi tiet. chat luong tot. ngoai hinh dep,3.06,209,0.407,20,194,5,0,11561061,16.26315,30,15,13,0,0,1
samsung s23 loi,san pham thuoc nhom dien thoai. ten san pham samsung s23. luu y test. luu y loi. co the giao dich truc tiep. thong tin trung thuc. chat luong tot,4.85,187,0.376,15,145,1,3,33849347,17.33743,180,90,9,5,1,0
oppo find x5 moi,san pham thuoc nhom dien thoai. ten san pham oppo find x5. co dac diem moi. co dac diem dep. co dac diem bao hanh. luu y xuoc. ngoai hinh dep. thong tin trung thuc. mo ta chi tiet. co hoa don,4.93,248,0.228,16,191,3,2,29421391,17.19723,30,90,5,0,0,1
airpods pro cao cap,san pham thuoc nhom tai nghe. ten san pham airpods pro. co dac diem cao cap. mo ta chi tiet. da su dung on dinh. co the giao dich truc tiep,2.2,103,0.041,19,139,1,0,43533322,17.58904,180,15,5,4,0,1
nikon d750 day du phu kien,san pham thuoc nhom camera. ten san pham nikon d750. co dac diem day du phu kien. co dac diem dep. da su dung on dinh. chat luong tot. hinh anh that. nguon goc ro rang. ngoai hinh dep,3.36,58,0.321,26,183,3,0,17407804,16.67243,240,15,18,3,0,1
apple watch bao hanh,san pham thuoc nhom dong ho. ten san pham apple watch. co dac diem like new. co dac diem bao hanh. ngoai hinh dep. thong tin trung thuc. mo ta chi tiet. nguon goc ro rang,3.89,90,0.048,20,170,3,1,30936149,17.24744,120,120,21,5,1,1
airpods pro cao cap,san pham thuoc nhom tai nghe. ten san pham airpods pro. co dac diem it dung. co dac diem cao cap. co dac diem moi. luu y gap. luu y can sua. thong tin trung thuc. da su dung on dinh. hinh anh that. nguon goc ro rang,2.81,79,0.068,19,215,3,3,29842740,17.21145,30,30,17,2,0,0
thinkpad x1 cao cap,san pham thuoc nhom laptop. ten san pham thinkpad x1. co dac diem like new. co dac diem cao cap. co dac diem day du phu kien. hinh anh that. ngoai hinh dep. mo ta chi tiet,2.06,102,0.24,19,171,4,0,33725817,17.33377,45,90,1,3,0,0
beats studio buds dep gap,san pham thuoc nhom tai nghe. ten san pham beats studio buds. co dac diem dep. co dac diem zin. luu y gap. luu y khong ro. co hoa don. co the giao dich truc tiep,1.86,212,0.051,25,161,2,3,48688548,17.70095,45,45,21,6,1,0
thinkpad x1 zin,san pham thuoc nhom laptop. ten san pham thinkpad x1. co dac diem like new. co dac diem zin. ho tro kiem tra. nguon goc ro rang,4.92,11,0.413,15,127,2,0,21606545,16.88851,120,90,3,3,0,1
iphone 14 pro moi cu,san pham thuoc nhom dien thoai. ten san pham iphone 14 pro. co dac diem moi. luu y cu. luu y xuoc. ho tro kiem tra. hinh anh that. mo ta chi tiet. thong tin trung thuc. nguon goc ro rang,2.09,201,0.255,20,186,1,3,27032108,17.11254,240,15,15,6,1,0
oppo find x5 dep,san pham thuoc nhom dien thoai. ten san pham oppo find x5. co dac diem dep. da su dung on dinh. chat luong tot,4.33,37,0.044,16,110,2,0,5393171,15.50064,90,45,13,4,0,1
iphone 14 pro cao cap,san pham thuoc nhom dien thoai. ten san pham iphone 14 pro. co dac diem day du phu kien. co dac diem cao cap. co dac diem it dung. thong tin trung thuc. ngoai hinh dep. mo ta chi tiet. ho tro kiem tra. co hoa don,2.58,158,0.247,21,212,4,1,20962181,16.85823,120,60,18,2,0,1
samsung s23 nguyen seal,san pham thuoc nhom dien thoai. ten san pham samsung s23. co dac diem nguyen seal. co the giao dich truc tiep. nguon goc ro rang,3.89,173,0.081,23,128,1,0,46184164,17.64815,240,60,11,1,0,1
apple watch fullbox,san pham thuoc nhom dong ho. ten san pham apple watch. co dac diem fullbox. mo ta chi tiet. ngoai hinh dep,4.01,142,0.363,19,106,2,0,13951033,16.45106,90,45,7,3,0,1
macbook air m1 nguyen seal,san pham thuoc nhom laptop. ten san pham macbook air m1. co dac diem nguyen seal. co dac diem tot. chat luong tot. hinh anh that. ngoai hinh dep. thong tin trung thuc. co hoa don,3.62,146,0.136,26,178,3,1,9169205,16.03136,60,90,18,2,0,1
beats studio buds dep,san pham thuoc nhom tai nghe. ten san pham beats studio buds. co dac diem moi. co dac diem dep. co dac diem tot. chat luong tot. da su dung on dinh. hinh anh that. nguon goc ro rang. mo ta chi tiet,2.05,3,0.369,21,197,3,0,20903548,16.85543,60,60,11,3,0,0
airpods pro moi,san pham thuoc nhom tai nghe. ten san pham airpods pro. co dac diem moi. co dac diem nguyen seal. luu y vo. da su dung on dinh. nguon goc ro rang,1.97,200,0.166,15,145,2,1,27191278,17.11841,90,30,20,1,0,1
galaxy buds,san pham thuoc nhom tai nghe. ten san pham galaxy buds. thong tin trung thuc. ho tro kiem tra. mo ta chi tiet. hinh anh that,1.04,238,0.304,11,124,0,1,10805144,16.19553,240,30,3,1,0,0
asus tuf it dung mo ta so sai,san pham thuoc nhom laptop. ten san pham asus tuf. co dac diem it dung. luu y mo ta so sai. thong tin trung thuc. co the giao dich truc tiep. da su dung on dinh. hinh anh that,1.41,45,0.126,29,175,1,2,6755162,15.72582,30,45,16,6,1,0
fujifilm xt30 chinh hang,san pham thuoc nhom camera. ten san pham fujifilm xt30. co dac diem dep. co dac diem chinh hang. co dac diem fullbox. chat luong tot. thong tin trung thuc. nguon goc ro rang. co the giao dich truc tiep. hinh anh that,1.69,152,0.397,24,216,4,1,24099462,16.9977,90,15,8,3,0,0
casio gshock bao hanh,san pham thuoc nhom dong ho. ten san pham casio gshock. co dac diem day du phu kien. co dac diem fullbox. co dac diem bao hanh. nguon goc ro rang. hinh anh that,1.82,64,0.103,21,160,3,0,32176476,17.28675,60,30,13,2,0,1
apple watch bao hanh,san pham thuoc nhom dong ho. ten san pham apple watch. co dac diem cao cap. co dac diem bao hanh. ngoai hinh dep. nguon goc ro rang. co hoa don. co the giao dich truc tiep,1.49,142,0.313,20,171,3,0,15656886,16.56642,120,45,8,2,0,1
airpods pro,san pham thuoc nhom tai nghe. ten san pham airpods pro. luu y mat phu kien. luu y khong ro. chat luong tot. ho tro kiem tra. nguon goc ro rang. da su dung on dinh,1.79,225,0.035,11,162,1,3,9441462,16.06062,45,30,22,3,0,0
fujifilm xt30 zin,san pham thuoc nhom camera. ten san pham fujifilm xt30. co dac diem fullbox. co dac diem zin. mo ta chi tiet. thong tin trung thuc. co hoa don. ho tro kiem tra. da su dung on dinh,3.71,42,0.22,17,179,2,1,2110584,14.56248,45,90,17,3,0,1
xiaomi 13 dep,san pham thuoc nhom dien thoai. ten san pham xiaomi 13. co dac diem dep. thong tin trung thuc. da su dung on dinh,4.85,211,0.019,13,113,1,1,22125548,16.91224,180,120,6,0,0,1
dell xps 13 bao hanh,san pham thuoc nhom laptop. ten san pham dell xps 13. co dac diem bao hanh. co dac diem moi. mo ta chi tiet. co hoa don. hinh anh that. chat luong tot,4.43,220,0.315,20,150,3,0,42621795,17.56788,180,15,16,0,0,1
seiko 5 day du phu kien,san pham thuoc nhom dong ho. ten san pham seiko 5. co dac diem fullbox. co dac diem day du phu kien. co hoa don. thong tin trung thuc. ngoai hinh dep,4.67,244,0.162,23,149,3,1,17624977,16.68483,90,15,17,1,0,1
airpods pro zin,san pham thuoc nhom tai nghe. ten san pham airpods pro. co dac diem zin. co dac diem dep. ho tro kiem tra. mo ta chi tiet,3.57,31,0.066,15,121,2,0,30684748,17.23928,120,90,21,2,0,1
seiko 5 tot,san pham thuoc nhom dong ho. ten san pham seiko 5. co dac diem bao hanh. co dac diem tot. co dac diem chinh hang. chat luong tot. nguon goc ro rang. thong tin trung thuc. hinh anh that,2.1,115,0.306,11,184,3,1,17081767,16.65352,90,30,1,6,1,0
fujifilm xt30 bao hanh,san pham thuoc nhom camera. ten san pham fujifilm xt30. co dac diem bao hanh. co dac diem like new. nguon goc ro rang. ngoai hinh dep. mo ta chi tiet. co the giao dich truc tiep. co hoa don,4.17,38,0.439,22,189,3,0,43407114,17.58613,180,90,15,0,0,1
hp spectre dep,san pham thuoc nhom laptop. ten san pham hp spectre. co dac diem dep. nguon goc ro rang. thong tin trung thuc. co the giao dich truc tiep,1.18,29,0.007,14,137,1,1,15486343,16.55547,45,15,0,0,0,0
seiko 5 chinh hang,san pham thuoc nhom dong ho. ten san pham seiko 5. co dac diem chinh hang. co the giao dich truc tiep. hinh anh that. thong tin trung thuc. da su dung on dinh. nguon goc ro rang,1.76,98,0.359,18,177,1,1,19428616,16.78226,30,120,7,4,0,0
sony wh-1000xm5 chinh hang,san pham thuoc nhom tai nghe. ten san pham sony wh-1000xm5. co dac diem dep. co dac diem chinh hang. da su dung on dinh. ngoai hinh dep. nguon goc ro rang. co the giao dich truc tiep,2.26,104,0.39,26,182,2,0,39557095,17.49326,60,120,3,0,0,0
xiaomi 13 chinh hang,san pham thuoc nhom dien thoai. ten san pham xiaomi 13. co dac diem bao hanh. co dac diem chinh hang. co dac diem nguyen seal. thong tin trung thuc. da su dung on dinh. chat luong tot. ngoai hinh dep,1.3,5,0.406,20,199,5,1,3142188,14.96043,90,60,21,3,0,0
iphone 13,san pham thuoc nhom dien thoai. ten san pham iphone 13. co hoa don. co the giao dich truc tiep. ngoai hinh dep. ho tro kiem tra,4.36,241,0.101,9,127,1,0,18987620,16.7593,30,60,17,2,0,1
nikon d750 dep,san pham thuoc nhom camera. ten san pham nikon d750. co dac diem dep. co dac diem tot. ngoai hinh dep. mo ta chi tiet. da su dung on dinh. thong tin trung thuc,3.19,75,0.249,14,159,2,1,25411825,17.05073,120,120,18,4,0,0
asus tuf like new,san pham thuoc nhom laptop. ten san pham asus tuf. co dac diem dep. co dac diem like new. luu y test. chat luong tot. ngoai hinh dep,4.98,169,0.288,17,132,3,1,41279352,17.53587,30,45,0,2,0,1
galaxy watch tot cu,san pham thuoc nhom dong ho. ten san pham galaxy watch. co dac diem tot. luu y cu. hinh anh that. co the giao dich truc tiep. nguon goc ro rang,2.73,179,0.344,19,143,1,1,24108976,16.99809,90,120,16,4,0,0
asus tuf,san pham thuoc nhom laptop. ten san pham asus tuf. luu y test. luu y hong. nguon goc ro rang. co the giao dich truc tiep. chat luong tot. thong tin trung thuc,2.34,80,0.437,8,158,1,2,7953984,15.88918,90,60,14,2,0,0
asus tuf fullbox,san pham thuoc nhom laptop. ten san pham asus tuf. co dac diem fullbox. co hoa don. co the giao dich truc tiep. da su dung on dinh,4.76,111,0.12,16,130,1,0,10969873,16.21066,45,90,15,2,0,1
xiaomi 13,san pham thuoc nhom dien thoai. ten san pham xiaomi 13. luu y mat phu kien. co hoa don. nguon goc ro rang. co the giao dich truc tiep. da su dung on dinh,3.21,174,0.132,9,153,0,1,32672059,17.30203,240,15,10,3,0,0
macbook air m1 chinh hang,san pham thuoc nhom laptop. ten san pham macbook air m1. co dac diem nguyen seal. co dac diem zin. co dac diem chinh hang. hinh anh that. co the giao dich truc tiep,3.53,56,0.416,25,164,3,0,23012716,16.95156,90,45,1,3,0,1
dell xps 13 it dung,san pham thuoc nhom laptop. ten san pham dell xps 13. co dac diem bao hanh. co dac diem dep. co dac diem it dung. co hoa don. hinh anh that. ngoai hinh dep. chat luong tot,2.94,166,0.425,19,171,4,0,34725831,17.36299,45,30,22,2,0,1
macbook air m1 day du phu kien,san pham thuoc nhom laptop. ten san pham macbook air m1. co dac diem day du phu kien. chat luong tot. co the giao dich truc tiep,1.24,89,0.424,30,128,2,0,43099022,17.57901,180,15,2,0,0,0
oppo find x5 fullbox,san pham thuoc nhom dien thoai. ten san pham oppo find x5. co dac diem fullbox. nguon goc ro rang. da su dung on dinh. co the giao dich truc tiep. ho tro kiem tra,4.52,190,0.163,20,162,1,0,29617421,17.20387,30,90,4,1,0,1
apple watch chinh hang,san pham thuoc nhom dong ho. ten san pham apple watch. co dac diem cao cap. co dac diem chinh hang. co dac diem it dung. co the giao dich truc tiep. ngoai hinh dep. co hoa don. chat luong tot,3.85,178,0.132,22,191,5,0,43392912,17.58581,45,90,16,3,0,1
sony a6400 tot,san pham thuoc nhom camera. ten san pham sony a6400. co dac diem bao hanh. co dac diem tot. co dac diem moi. co the giao dich truc tiep. da su dung on dinh. thong tin trung thuc. co hoa don. ho tro kiem tra,3.06,36,0.44,14,206,3,1,13618377,16.42693,240,45,17,0,0,0
iphone 13 nguyen seal,san pham thuoc nhom dien thoai. ten san pham iphone 13. co dac diem nguyen seal. nguon goc ro rang. co the giao dich truc tiep. chat luong tot,4.57,54,0.437,21,142,2,0,48930219,17.70591,60,60,8,4,0,1
dell xps 13 chinh hang,san pham thuoc nhom laptop. ten san pham dell xps 13. co dac diem dep. co dac diem chinh hang. co dac diem day du phu kien. hinh anh that. da su dung on dinh. chat luong tot. co the giao dich truc tiep. co hoa don,3.19,183,0.448,22,213,4,0,20154186,16.81892,120,90,6,4,0,1
dell xps 13 cao cap,san pham thuoc nhom laptop. ten san pham dell xps 13. co dac diem cao cap. co dac diem moi. co dac diem day du phu kien. ho tro kiem tra. thong tin trung thuc,1.21,208,0.2,19,158,3,1,18619037,16.7397,180,15,12,2,0,0
galaxy buds,san pham thuoc nhom tai nghe. ten san pham galaxy buds. luu y xuoc. luu y vo. thong tin trung thuc. hinh anh that,3.16,85,0.406,11,113,0,3,21830346,16.89881,30,15,15,5,1,0
oppo find x5 fullbox,san pham thuoc nhom dien thoai. ten san pham oppo find x5. co dac diem fullbox. ngoai hinh dep. da su dung on dinh. co the giao dich truc tiep. co hoa don. ho tro kiem tra,1.08,84,0.362,20,171,2,0,47305350,17.67213,90,120,12,0,0,0
thinkpad x1 tot,san pham thuoc nhom laptop. ten san pham thinkpad x1. co dac diem tot. co dac diem nguyen seal. co hoa don. co the giao dich truc tiep. nguon goc ro rang. hinh anh that,4.57,170,0.061,15,168,2,0,29426058,17.19739,60,90,11,6,1,1
